nft_id,sales,volume_eth,min_price,max_price,distinct_txs,top_pair_a,top_pair_b,top_pair_sales,dominance_pct,pair_confidence,pair_structure,token_structure,collection,token_id
0x7bd29408f11d2bfc23c34f18275bbf23bb716bc7:8319,726,99034,51,260,726,0x22ef06a21222fd7cfbaf4d2467ee084e4f7ce5b7,0x3bf2644f53ae8d064e031cf2e196386f69942f83,53,7.300275482093664,medium,bilateral_mill,distributed_federation,Meebits,8319
0x4e1f41613c9084fdb9e34e11fae9412427480e56:5283,615,242181,0.3,772,615,0xa53496b67eec749ac41b4666d63228a0fb0409cf,0xd73e0def01246b650d8a367a4b209be59c8be8ab,508,82.60162601626017,medium,bilateral_mill,single_pair_dominated,Terraforms,5283
0x4e1f41613c9084fdb9e34e11fae9412427480e56:9559,603,246896,0.3,788,603,0xa53496b67eec749ac41b4666d63228a0fb0409cf,0xd73e0def01246b650d8a367a4b209be59c8be8ab,530,87.89386401326699,medium,bilateral_mill,single_pair_dominated,Terraforms,9559
0x4e1f41613c9084fdb9e34e11fae9412427480e56:9728,563,227799,0.31,756,563,0xa53496b67eec749ac41b4666d63228a0fb0409cf,0xd73e0def01246b650d8a367a4b209be59c8be8ab,503,89.34280639431617,medium,bilateral_mill,single_pair_dominated,Terraforms,9728
0x4e1f41613c9084fdb9e34e11fae9412427480e56:1865,502,252930,0.38,1198.5,502,0x7272b039aadebbc309a11bc8ee7e8363df33fabf,0x7cdbc750bdc92fb92e1b94090289cc6db19e30c2,416,82.86852589641434,medium,bilateral_mill,single_pair_dominated,Terraforms,1865
0x4e1f41613c9084fdb9e34e11fae9412427480e56:8997,496,553749,70,2945,496,0x1ae35fce5942bcecca5f47d9d34d267658d6ac17,0x32b8bfad45b330b81899df23ff6aac609781ce56,496,100,medium,bilateral_mill,single_pair_dominated,Terraforms,8997
0x4e1f41613c9084fdb9e34e11fae9412427480e56:2811,411,71125,1,300,411,0xc269f9f50c64fec1f139e9abd196d393b0e59740,0xc2ba827267af18a6e7f729d2dd9bf980e5740dd0,47,11.435523114355231,medium,concentrated_pair,distributed_federation,Terraforms,2811
0x7bd29408f11d2bfc23c34f18275bbf23bb716bc7:17452,366,37077,5,182.22,366,0x98499134fd237e9a443a5b59e9ae9129f3c9f8b8,0xecb793b01a1dadecb452fcca855b2f96822a9126,332,90.7103825136612,medium,bilateral_mill,single_pair_dominated,Meebits,17452
0x4e1f41613c9084fdb9e34e11fae9412427480e56:1906,317,214253,303,1413,317,0x718a085f6d45a955395881bceff30ec97ffb1013,0xf6764f702650eb66b2bd7368e2fef7133a8f4f80,317,100,medium,bilateral_mill,single_pair_dominated,Terraforms,1906
0x7bd29408f11d2bfc23c34f18275bbf23bb716bc7:9228,273,161609,10,819.362,273,0x8ce0d9060263b1b5ad3eff2e1e21736b5ef36936,0xea19b97a1523ba7796c3c9075b243e14d3995474,265,97.06959706959707,high,bilateral_mill,single_pair_dominated,Meebits,9228
0x4e1f41613c9084fdb9e34e11fae9412427480e56:8115,258,162971,148,1370,258,0x718a085f6d45a955395881bceff30ec97ffb1013,0xf6764f702650eb66b2bd7368e2fef7133a8f4f80,210,81.3953488372093,medium,bilateral_mill,single_pair_dominated,Terraforms,8115
0x7bd29408f11d2bfc23c34f18275bbf23bb716bc7:689,226,37671,15.5,291.06,226,0x1407930f5ff83ff94532885557b334c74b3afc42,0xcaee6d433f36031b87d6e3c06395131a823314f3,45,19.911504424778762,medium,mesh_cluster,mesh_inventory,Meebits,689
0x7bd29408f11d2bfc23c34f18275bbf23bb716bc7:17282,216,166667,82.8,1280,216,0x13fefdd563a930f07b1ac8a2227acc27c3c12946,0x6165fd87c1bc73a4c44b23934e9136fd92df5b01,133,61.574074074074076,medium,bilateral_mill,few_pair_dominated,Meebits,17282
0x7bd29408f11d2bfc23c34f18275bbf23bb716bc7:1938,206,34640,20,285.11,206,0x1407930f5ff83ff94532885557b334c74b3afc42,0xcaee6d433f36031b87d6e3c06395131a823314f3,42,20.388349514563107,medium,mesh_cluster,mesh_inventory,Meebits,1938
0x7bd29408f11d2bfc23c34f18275bbf23bb716bc7:15115,186,147007,175,1288,186,0x13fefdd563a930f07b1ac8a2227acc27c3c12946,0x6165fd87c1bc73a4c44b23934e9136fd92df5b01,114,61.29032258064516,medium,bilateral_mill,few_pair_dominated,Meebits,15115
0x7bd29408f11d2bfc23c34f18275bbf23bb716bc7:19564,167,28896,24.3,274.828064,167,0x1407930f5ff83ff94532885557b334c74b3afc42,0x2edadfb25586b1e4d6623c7021e76a2fa595cdec,34,20.35928143712575,medium,mesh_cluster,mesh_inventory,Meebits,19564
0x7bd29408f11d2bfc23c34f18275bbf23bb716bc7:2000,162,84761,3.45,925.01,162,0x16033a8ebe3803056e40ccb3720f02440b2422b0,0xfd12d178ac2c1854129aaa2428164687f1d14eca,74,45.67901234567901,high,ring_member,few_pair_dominated,Meebits,2000
0x7bd29408f11d2bfc23c34f18275bbf23bb716bc7:10137,148,253302,3.5,4100,148,0x86cd4467b6baef4b0e34b9508d788483f64a4bb9,0xb6a684ce14addc0b0daad766424f3e28b49503a5,117,79.05405405405405,high,bilateral_mill,single_pair_dominated,Meebits,10137
0x7bd29408f11d2bfc23c34f18275bbf23bb716bc7:6183,148,13983,4,117,148,0x7b3892238e64fc1e5a744183e561e581ecd509da,0xd44fea8b52e6078ab26249ea3cca8af01673172b,146,98.64864864864865,medium,bilateral_mill,single_pair_dominated,Meebits,6183
0x4e1f41613c9084fdb9e34e11fae9412427480e56:2768,138,110070,295.6,1384.7,138,0x718a085f6d45a955395881bceff30ec97ffb1013,0xf6764f702650eb66b2bd7368e2fef7133a8f4f80,138,100,medium,bilateral_mill,single_pair_dominated,Terraforms,2768
0x7bd29408f11d2bfc23c34f18275bbf23bb716bc7:16938,132,458098,313,6100,132,0x18a4489a739ac9835da14e006b35d65040e53a4a,0xf1ddb5dacc5a916842aae0a6fbe59c36f97bd940,69,52.27272727272727,high,ring_member,few_pair_dominated,Meebits,16938
0x4e1f41613c9084fdb9e34e11fae9412427480e56:3083,128,70760,0.3469,915.2,128,0x16033a8ebe3803056e40ccb3720f02440b2422b0,0xfd12d178ac2c1854129aaa2428164687f1d14eca,72,56.25,high,ring_member,few_pair_dominated,Terraforms,3083
0x7bd29408f11d2bfc23c34f18275bbf23bb716bc7:3570,123,2324,3.8,39,123,0x440aae245b13201913da5da5dcd9b9d7cb3aab81,0x4f13f0df25ac816d155dabc4390906d656f902bf,117,95.1219512195122,medium,bilateral_mill,single_pair_dominated,Meebits,3570
0x7bd29408f11d2bfc23c34f18275bbf23bb716bc7:1657,119,24141,65.72038797,297,119,0x1407930f5ff83ff94532885557b334c74b3afc42,0xcaee6d433f36031b87d6e3c06395131a823314f3,23,19.327731092436974,medium,mesh_cluster,mesh_inventory,Meebits,1657
0x4e1f41613c9084fdb9e34e11fae9412427480e56:8130,111,134133,5,2884,111,0x57544b982e6f9afbefb251cc884d25707a8002f8,0x6b34ff96d47e0558fe22bd80c05fdc0133515d19,75,67.56756756756756,medium,concentrated_pair,few_pair_dominated,Terraforms,8130
0x7bd29408f11d2bfc23c34f18275bbf23bb716bc7:8475,110,21648,60.61839333,284.21,110,0x1407930f5ff83ff94532885557b334c74b3afc42,0xcaee6d433f36031b87d6e3c06395131a823314f3,20,18.181818181818183,medium,mesh_cluster,mesh_inventory,Meebits,8475
0xff9c1b15b16263c61d017ee9f65c50e4ae0113d7:744,107,11033,30,230,107,0x65e78d3587edecb999a15fbbf04f3e5b0fbdc9f2,0x84cdda3986d8584a88ac1af647b10c63097952c4,107,100,medium,bilateral_mill,single_pair_dominated,Loot,744
0x4e1f41613c9084fdb9e34e11fae9412427480e56:8284,105,22277,53,343.2,105,0x26fd02908adc0df38d33c9d36f02ae5fe847362a,0xe6f3fd8abb61ca6417d386e67e9596c3492d49a4,55,52.38095238095238,high,ring_member,few_pair_dominated,Terraforms,8284
0x4e1f41613c9084fdb9e34e11fae9412427480e56:8634,105,1456,4.8,25.4,105,0x679d8c0039b68e19170aa5b0244e4dca6eafb38b,0xd1070b725dca993c9ccdaf80c6e7c57d626f3f56,105,100,medium,bilateral_mill,single_pair_dominated,Terraforms,8634
0x7bd29408f11d2bfc23c34f18275bbf23bb716bc7:18036,100,59201,100,900,100,0x0abd70eb980a55d9221e186b9b150539166fc679,0xaddb186047b8fd97d64c808f0b8df6589376f256,69,69,high,bilateral_mill,few_pair_dominated,Meebits,18036
0x7bd29408f11d2bfc23c34f18275bbf23bb716bc7:18277,97,19162,67.06162038,289.89,97,0x1407930f5ff83ff94532885557b334c74b3afc42,0xcaee6d433f36031b87d6e3c06395131a823314f3,15,15.463917525773196,medium,mesh_cluster,mesh_inventory,Meebits,18277
0x4e1f41613c9084fdb9e34e11fae9412427480e56:9254,96,21679,78.4,350,96,0x26fd02908adc0df38d33c9d36f02ae5fe847362a,0xe6f3fd8abb61ca6417d386e67e9596c3492d49a4,50,52.083333333333336,high,ring_member,few_pair_dominated,Terraforms,9254
0x7bd29408f11d2bfc23c34f18275bbf23bb716bc7:13531,89,17471,63.11786061,286.5,89,0x1407930f5ff83ff94532885557b334c74b3afc42,0xcaee6d433f36031b87d6e3c06395131a823314f3,17,19.10112359550562,medium,mesh_cluster,mesh_inventory,Meebits,13531
0x7bd29408f11d2bfc23c34f18275bbf23bb716bc7:283,89,5222,3.4,72.22,89,0x461a3dbe957486696ddf1147e9e0053da93571c2,0x76686847a10a6d88f3bc890b4f7ab3dfad2e57d5,85,95.50561797752809,medium,bilateral_mill,single_pair_dominated,Meebits,283
0xff9c1b15b16263c61d017ee9f65c50e4ae0113d7:5737,88,11886,9.7,243,88,0x26fd02908adc0df38d33c9d36f02ae5fe847362a,0x845291611c8688e5a9ad2850536dd0f6980b6125,75,85.22727272727273,high,ring_member,single_pair_dominated,Loot,5737
0x4e1f41613c9084fdb9e34e11fae9412427480e56:8007,86,4282,7.8,128,86,0x2b43aec1a9af8e63e56f9b56e4ab37348bfad139,0x7fbeaca8294771734b34911a108d1e36126863fc,86,100,medium,bilateral_mill,single_pair_dominated,Terraforms,8007
0x7bd29408f11d2bfc23c34f18275bbf23bb716bc7:10255,83,12666,3.65,179.9,83,0x59acb0015b7c5ec9c1b955109c4ab34e4d4356a8,0x6179e5e81c6833f2b55c7372d02d5d6dd2843cc4,80,96.3855421686747,medium,bilateral_mill,single_pair_dominated,Meebits,10255
0x7bd29408f11d2bfc23c34f18275bbf23bb716bc7:3440,79,11446,75,198.279,79,0x1beaa793c4df62246ed4af13eaf00b31dbb55a22,0x85d105ca349bc896c580c711258b3a75de71f5cf,79,100,medium,bilateral_mill,single_pair_dominated,Meebits,3440
0xff9c1b15b16263c61d017ee9f65c50e4ae0113d7:168,75,10509,19.6,248,75,0x26fd02908adc0df38d33c9d36f02ae5fe847362a,0x845291611c8688e5a9ad2850536dd0f6980b6125,58,77.33333333333333,high,ring_member,single_pair_dominated,Loot,168
0x7bd29408f11d2bfc23c34f18275bbf23bb716bc7:7936,74,17800,4.2,400,74,0x1964f9cffa39ce77611b44dddd21a22290a5283c,0xa9552226ba53c5dfce2ff3cfae86d83dce529444,48,64.86486486486487,medium,concentrated_pair,few_pair_dominated,Meebits,7936
0x4e1f41613c9084fdb9e34e11fae9412427480e56:3790,66,5928,0.33,136.4,66,0x81d6e8dfde5d9ad36a0b3c303e21cf8975661ed0,0xb1f07b85455be93bcac8b2179bdcabb3009ffbb9,53,80.3030303030303,medium,bilateral_mill,single_pair_dominated,Terraforms,3790
0x7bd29408f11d2bfc23c34f18275bbf23bb716bc7:6462,61,2529,4.9988,65.6,61,0x051858fc4fe71a2c8ff254237969881be369bc9e,0x48aabab1e5224540dfd31e48ded0ba6725185c93,34,55.73770491803279,medium,concentrated_pair,few_pair_dominated,Meebits,6462
0x7bd29408f11d2bfc23c34f18275bbf23bb716bc7:97,59,2499,3.65,83,59,0x3abe35eba716e436267384c637c65fc8585c50d6,0xe3dbc37f19c9496c81c6e19d656029a607193cf8,31,52.54237288135593,high,ring_member,few_pair_dominated,Meebits,97
0x4e1f41613c9084fdb9e34e11fae9412427480e56:7658,58,5156,0.3,112,58,0x2560b0fc3c7cc12918d1418316fa4b0bcebc13fc,0x944f9f9b31f4de729b60e2c0b89de7cbdd5ac878,57,98.27586206896552,medium,bilateral_mill,single_pair_dominated,Terraforms,7658
0x7bd29408f11d2bfc23c34f18275bbf23bb716bc7:12007,57,53696,4.1,1307,57,0x13fefdd563a930f07b1ac8a2227acc27c3c12946,0x6165fd87c1bc73a4c44b23934e9136fd92df5b01,35,61.40350877192982,medium,bilateral_mill,few_pair_dominated,Meebits,12007
0x7bd29408f11d2bfc23c34f18275bbf23bb716bc7:7057,57,14165,140,335,57,0x1f055d883120bb393a8b0a913fbeb91667957201,0x32fedea027b7eb6d42c47479de3962ccca56900d,55,96.49122807017544,medium,bilateral_mill,single_pair_dominated,Meebits,7057
0x4e1f41613c9084fdb9e34e11fae9412427480e56:3082,56,18047,0.34,480,56,0xf319fcb2fbad698057d275da35b444dff2240fed,0xf58df835c8e8b59ef52ccf7385b09079d7897b77,50,89.28571428571429,medium,bilateral_mill,single_pair_dominated,Terraforms,3082
0x4e1f41613c9084fdb9e34e11fae9412427480e56:6118,56,2189,0.296,59,56,0xad2f5d7ddfc2a1622aaf959c51bc7db8e9b3bbe6,0xc05da047c6955accf3fa415f169899f34214b302,46,82.14285714285714,medium,concentrated_pair,single_pair_dominated,Terraforms,6118
0x7bd29408f11d2bfc23c34f18275bbf23bb716bc7:16728,56,185143,980,7210,56,0xc803698a4be31f0b9035b6eba17623698f3e2f82,0xfc95c6e764575c96ca8cd03ee9d64c9e218655a3,56,100,medium,bilateral_mill,single_pair_dominated,Meebits,16728
0x4e1f41613c9084fdb9e34e11fae9412427480e56:9652,54,479,0.31,12.5,54,0x6ee069db6e81527bf7ba26e536913a166fba1352,0x88eb2863997cbae2169d9022704acf21e423b377,50,92.5925925925926,high,bilateral_mill,single_pair_dominated,Terraforms,9652
0x7bd29408f11d2bfc23c34f18275bbf23bb716bc7:14360,53,10860,3.7,600,53,0x1ace22a56af1ca4ca3edda6b22b1ef0007513684,0x910be4a2a2729894aa4550325b20928afb051a56,20,37.735849056603776,medium,concentrated_pair,few_pair_dominated,Meebits,14360
0x7bd29408f11d2bfc23c34f18275bbf23bb716bc7:6684,52,14602,3.59,444.81,52,0x48039cfabedc5e0d24482a6f71edcf3a75b1921f,0xb08856994dd338b0db1253dcab0e5f56e27f3985,44,84.61538461538461,medium,concentrated_pair,single_pair_dominated,Meebits,6684
0x4e1f41613c9084fdb9e34e11fae9412427480e56:2118,50,46806,0.3689,1600,50,0xa357f162fe9c383edeee81fbc905c4bc7fca166f,0xe7e8b3777884b5b088453d0093f844ddff9cfd8d,46,92,medium,concentrated_pair,single_pair_dominated,Terraforms,2118
0x7bd29408f11d2bfc23c34f18275bbf23bb716bc7:9377,49,1837,3.15,62,49,0x2da526dd9d389f89bea8fd42c30e97d4ff7d04de,0xbd5ef06f8750f784930f7bd15484c4e7176e55c0,44,89.79591836734694,medium,concentrated_pair,single_pair_dominated,Meebits,9377
0x4e1f41613c9084fdb9e34e11fae9412427480e56:7346,48,3695,0.28,123,48,0x12b12085b407f449aef9ddc312d00b5738a50e1b,0xe9eb93dec938b90c87563fd72c7716e35a64fd56,47,97.91666666666667,medium,concentrated_pair,single_pair_dominated,Terraforms,7346
0x4e1f41613c9084fdb9e34e11fae9412427480e56:6462,48,737,0.26,27,48,0x609da301ffd5e20192a6016eafba5fa36980a53b,0xdb5e1a35d5ed3ff7e9bd14aaa2d58a016fd1d432,44,91.66666666666667,medium,concentrated_pair,single_pair_dominated,Terraforms,6462
0x7bd29408f11d2bfc23c34f18275bbf23bb716bc7:9185,48,1938,3.7,800,48,0xd9ec6bef8eedcdb96c185fbb8f7fbedcb1aaf582,0xebfcb12abdae1db69d0772902a5c7504cb124287,44,91.66666666666667,medium,concentrated_pair,single_pair_dominated,Meebits,9185
0x4e1f41613c9084fdb9e34e11fae9412427480e56:6291,47,2480,0.34,192,47,0x4b33887d2647dbe37d777934acbd252550eabe9a,0x86cdba7e3b63a9fb72c1022c5da1aaf64f00ea03,32,68.08510638297872,medium,concentrated_pair,few_pair_dominated,Terraforms,6291
0x7bd29408f11d2bfc23c34f18275bbf23bb716bc7:6917,46,16120,3.61012,790,46,0x37dc76ecdeaaee3755a7b8a9a54579769ddf4c35,0xc8ec8df6f8b76bf2e2835a7fbb5e617f8a182420,24,52.17391304347826,medium,concentrated_pair,few_pair_dominated,Meebits,6917
0x7bd29408f11d2bfc23c34f18275bbf23bb716bc7:2573,45,744,3.75,100,45,0x8143f2b98e24bb8ef434ff4433e2a8b1d0840935,0x94aaeca1856e5c6fbf7b38818986e325c3573f80,17,37.77777777777778,,,few_pair_dominated,Meebits,2573
0xff9c1b15b16263c61d017ee9f65c50e4ae0113d7:1390,45,1501,2,48,45,0x6f0ba4a2ecba44116f3da9942abee62e97bc36ed,0xd6b764b822aa482913992073598c4690527a3a83,37,82.22222222222223,medium,concentrated_pair,single_pair_dominated,Loot,1390
0xff9c1b15b16263c61d017ee9f65c50e4ae0113d7:6179,45,1501,5,48,45,0x6f0ba4a2ecba44116f3da9942abee62e97bc36ed,0xd6b764b822aa482913992073598c4690527a3a83,36,80,medium,concentrated_pair,single_pair_dominated,Loot,6179
0x4e1f41613c9084fdb9e34e11fae9412427480e56:3239,44,4880,0.3333,158,44,0x1237170368ccc4593511a885ae1af1aefc7a62a5,0xb8ed6c7f1c6c29c57e512866b8e6fbc438858844,39,88.63636363636364,medium,concentrated_pair,single_pair_dominated,Terraforms,3239
0x4e1f41613c9084fdb9e34e11fae9412427480e56:712,43,3229,12.78,150,43,0x770f01c2bee6896a02af072737505fa2c6a39379,0x7cf424acfc64bda5608de84c934c169c7e77f228,43,100,high,concentrated_pair,single_pair_dominated,Terraforms,712
0x7bd29408f11d2bfc23c34f18275bbf23bb716bc7:6979,43,1977,3.48,69.09,43,0xc02caad03884c2bb5821218a82a29cdd46ef683b,0xdf79b09da45ebb08ebc7834a9512e0bfa77056bb,42,97.67441860465117,medium,concentrated_pair,single_pair_dominated,Meebits,6979
0x7bd29408f11d2bfc23c34f18275bbf23bb716bc7:2526,43,189589,960,6890,43,0xc803698a4be31f0b9035b6eba17623698f3e2f82,0xfc95c6e764575c96ca8cd03ee9d64c9e218655a3,43,100,medium,bilateral_mill,single_pair_dominated,Meebits,2526
0x4e1f41613c9084fdb9e34e11fae9412427480e56:3092,42,3591,0.4,250,42,0x4ccd41e0def936f7d190045f6e56aa467391ef47,0xf063ac77ff15a53044e1d94e7cced349115d9414,27,64.28571428571429,medium,concentrated_pair,few_pair_dominated,Terraforms,3092
0x7bd29408f11d2bfc23c34f18275bbf23bb716bc7:5242,41,1496,3.22,52.7,41,0x567fdbe66195b7e6f4cab2290bbe2d83107a3ab3,0xbad4af9c8bc7eb07282c06e982eb4618e2586f3f,30,73.17073170731707,medium,concentrated_pair,single_pair_dominated,Meebits,5242
0x4e1f41613c9084fdb9e34e11fae9412427480e56:2815,40,3999,0.33,275,40,0x1b5abad9be9baa4e0970c917e276e868086abb0b,0x4d09d314342c93f276bba49398f38886c6f80252,26,65,medium,concentrated_pair,few_pair_dominated,Terraforms,2815
0x7bd29408f11d2bfc23c34f18275bbf23bb716bc7:10756,40,2375,3.7,226,40,0x7f3d2fcb1d78872135ea9585b354c49b63092110,0xdb93342558502d4f522e774eac55d71bff8e6130,24,60,medium,concentrated_pair,few_pair_dominated,Meebits,10756
0x4e1f41613c9084fdb9e34e11fae9412427480e56:1878,40,2194,0.39,68.5,40,0x6ea2062752fca80044899a494edf6d24d1565856,0x8264ff2de194acbd7a34f2fc557195b5aa43f826,39,97.5,medium,concentrated_pair,single_pair_dominated,Terraforms,1878
0x7bd29408f11d2bfc23c34f18275bbf23bb716bc7:12422,39,1947,3.7,100.007,39,0x568d0dee128ad6561d8f24340094fafeb43e6da0,0x735a5e9d1abbc623f73ee74f0d23b66bc1f8b4a1,19,48.717948717948715,,,few_pair_dominated,Meebits,12422
0xff9c1b15b16263c61d017ee9f65c50e4ae0113d7:1009,39,3936,100,102,39,0x469adaf766fb35f1a3c2569fe8c57a50f4b39131,0x9ac9dcfd23ca73f06634dc964a6c16f7e6daa986,39,100,medium,concentrated_pair,single_pair_dominated,Loot,1009
0x7bd29408f11d2bfc23c34f18275bbf23bb716bc7:19497,38,16230,200,730,38,0x30391a4f9d2f099d41888f811784281cba4097f0,0x82ff9e428ad69f54f4c0251d13607af7da8bd91e,38,100,medium,concentrated_pair,single_pair_dominated,Meebits,19497
0x4e1f41613c9084fdb9e34e11fae9412427480e56:9249,38,3268,0.25,400,38,0xc3729aa1693ae9a80fd7c38841b0910ae945a468,0xf29f8b8e2ed3b9d18e99d4d2c874c803d0acaa52,22,57.89473684210526,medium,concentrated_pair,few_pair_dominated,Terraforms,9249
0x4e1f41613c9084fdb9e34e11fae9412427480e56:1277,38,1983,0.3,220,38,0x5cbc912ba172984fbb8aef4c28f31cc02d66ce19,0xfbed7e15eb82a0ec39f06e766c695dd0ccd34207,37,97.36842105263158,medium,concentrated_pair,single_pair_dominated,Terraforms,1277
0x7bd29408f11d2bfc23c34f18275bbf23bb716bc7:17720,37,177,3.65,6.75,37,0x9cbc3b1435f84b3b30dd684bca287d1b1fb2a8a8,0xf1bd1aba7d01a772814af74261a156da6e3210ec,20,54.054054054054056,medium,concentrated_pair,few_pair_dominated,Meebits,17720
0x4e1f41613c9084fdb9e34e11fae9412427480e56:3175,37,1403,0.375,69.37513626152665,37,0xb00b51bf185c7da1e2b61a9d53df7bc863699274,0xb00b5b48b26da7389888e01fa1eb2bbda2997d01,25,67.56756756756756,high,concentrated_pair,few_pair_dominated,Terraforms,3175
0x7bd29408f11d2bfc23c34f18275bbf23bb716bc7:12144,35,19655,3.65,794,35,0x41ebaeb7025784a336020ce969710e252c1fc3ee,0xa7106b4089e6f3f267d23abc02c9a862dcd7316e,34,97.14285714285714,medium,concentrated_pair,single_pair_dominated,Meebits,12144
0x7bd29408f11d2bfc23c34f18275bbf23bb716bc7:3032,35,200,3.85,21,35,0x90d6f2b757c8ca57cd68743035186415789d34fd,0xc1c9e5d91d212d1dff008443b6c00a0f002b1a9c,28,80,medium,concentrated_pair,single_pair_dominated,Meebits,3032
0x7bd29408f11d2bfc23c34f18275bbf23bb716bc7:15377,33,5170,3.9,850,33,0x4003b5fee68a8659687a854135f61f2cb4f839b6,0xb921c84a49d4dd992fb39a2cba45b0dfe8d28275,20,60.60606060606061,medium,concentrated_pair,few_pair_dominated,Meebits,15377
0x7bd29408f11d2bfc23c34f18275bbf23bb716bc7:17021,33,132,4,4,33,0xd7fc4ab828afc1bb4b217f337f1777ca856efd12,0xec08d9464944345f1483f16a91c5186d8622637c,33,100,medium,concentrated_pair,single_pair_dominated,Meebits,17021
0x4e1f41613c9084fdb9e34e11fae9412427480e56:7646,32,1307,0.4,60,32,0x160c093f30c70f49f1490f34484ca3b09afa1dc2,0x5162494293479d1e4d8fc8ea3e0d18fa0359edca,31,96.875,medium,concentrated_pair,single_pair_dominated,Terraforms,7646
0x7bd29408f11d2bfc23c34f18275bbf23bb716bc7:17718,32,951,3.7,40,32,0x247ec63eba41edecfa96a46d732c5376f437b78e,0x3eb12b7e49f1a95fbd2943d1547be152883e526f,30,93.75,medium,concentrated_pair,single_pair_dominated,Meebits,17718
0x7bd29408f11d2bfc23c34f18275bbf23bb716bc7:4799,32,1080,12.4,55,32,0x960f16fff5070555c0efa22f6b839ed7d5ab6094,0xadeed59f446cb0a141837e8f7c22710d759cba65,32,100,medium,concentrated_pair,single_pair_dominated,Meebits,4799
0x4e1f41613c9084fdb9e34e11fae9412427480e56:9647,32,1122,27,40.9,32,0xd9ec6bef8eedcdb96c185fbb8f7fbedcb1aaf582,0xebfcb12abdae1db69d0772902a5c7504cb124287,32,100,medium,concentrated_pair,single_pair_dominated,Terraforms,9647
0x4e1f41613c9084fdb9e34e11fae9412427480e56:5600,31,5737,156.98,225,31,0x1bf1c8c2a4677eeb23ef22d26a59b4119c75c116,0xa11308ddbe29d6a90744fcec7198bf98c4d8b203,31,100,medium,concentrated_pair,single_pair_dominated,Terraforms,5600
0x4e1f41613c9084fdb9e34e11fae9412427480e56:7385,31,2969,0.35,183,31,0x4b33887d2647dbe37d777934acbd252550eabe9a,0x86cdba7e3b63a9fb72c1022c5da1aaf64f00ea03,29,93.54838709677419,medium,concentrated_pair,single_pair_dominated,Terraforms,7385
0x4e1f41613c9084fdb9e34e11fae9412427480e56:7048,30,2303,0.4,100,30,0x2a9ebfd6d7b8ee0e167e94822c226c28888db229,0xb2cb0a1e77764455d4b5964fcfcb9fd646c601ed,29,96.66666666666667,medium,concentrated_pair,single_pair_dominated,Terraforms,7048
0x7bd29408f11d2bfc23c34f18275bbf23bb716bc7:16348,30,1000,3.89,47,30,0x2ee1e6483ab36c07a7f7593cee9c8c7df7c729ac,0xaeb18a774d6be15af6df72577d80939ef0dab3ce,27,90,medium,concentrated_pair,single_pair_dominated,Meebits,16348
0x7bd29408f11d2bfc23c34f18275bbf23bb716bc7:13622,30,888,3.633,35,30,0x4003b5fee68a8659687a854135f61f2cb4f839b6,0xb921c84a49d4dd992fb39a2cba45b0dfe8d28275,28,93.33333333333333,medium,concentrated_pair,single_pair_dominated,Meebits,13622
0xff9c1b15b16263c61d017ee9f65c50e4ae0113d7:6662,30,4700,4,205,30,0xa2ab8f1ae6611b622b1272ce842bf8ad3e7b6311,0xe244fa646735a0e2c4365177a168856ac49ea7a9,28,93.33333333333333,medium,concentrated_pair,single_pair_dominated,Loot,6662
0x4e1f41613c9084fdb9e34e11fae9412427480e56:5384,29,1425,0.5,58.68,29,0x247ec63eba41edecfa96a46d732c5376f437b78e,0x3eb12b7e49f1a95fbd2943d1547be152883e526f,28,96.55172413793103,medium,concentrated_pair,single_pair_dominated,Terraforms,5384
0x7bd29408f11d2bfc23c34f18275bbf23bb716bc7:8954,29,622,3.9988,29,29,0xe18285b6ad1fe8cc73c5d2bc86ad2c1335d9f9b1,0xfbcb950fd13add1fe0ba95440fba0851575c617d,21,72.41379310344827,high,concentrated_pair,single_pair_dominated,Meebits,8954
0x4e1f41613c9084fdb9e34e11fae9412427480e56:1879,29,6780,0.34,486,29,0x6cb748f52c47c8f12d620e009c366330fb0dea08,0x6d68c0f44e86587aa443ddb12ed9f10920195ada,16,55.172413793103445,medium,concentrated_pair,few_pair_dominated,Terraforms,1879
0x7bd29408f11d2bfc23c34f18275bbf23bb716bc7:3164,29,1039,3.47,50,29,0xd3a265d9ed93464e7e2f89876f9ff0cb7b83ff27,0xd7a9f29f765b1b199f2f0237d1d8690fd470f0aa,27,93.10344827586206,medium,concentrated_pair,single_pair_dominated,Meebits,3164
0x4e1f41613c9084fdb9e34e11fae9412427480e56:3478,29,244,6.247737,11,29,0x7570870659786777e563fb957c968d76ee71eceb,0x76f89fe4a717eb1902b701549af8d1e1a4067bae,29,100,medium,concentrated_pair,single_pair_dominated,Terraforms,3478
0x7bd29408f11d2bfc23c34f18275bbf23bb716bc7:2693,28,9567,309.317,379,28,0x4ce73cc57943602df15fccf1ee291c5d67d38326,0xd3018da893037f3046c715299ce513556784e849,27,96.42857142857143,medium,concentrated_pair,single_pair_dominated,Meebits,2693
0x7bd29408f11d2bfc23c34f18275bbf23bb716bc7:10282,28,2243,4.2,114,28,0x94be13ae6223fcd742c1d749bb47baccb2b79b13,0xf58e4d74db00a78878e708a4227d7bf030e6128c,27,96.42857142857143,medium,concentrated_pair,single_pair_dominated,Meebits,10282
0x7bd29408f11d2bfc23c34f18275bbf23bb716bc7:2854,27,992,4.1,70,27,0x789655f162fe39c20c33957fe3a7c9c583e5d84f,0xd91dd13c3652d798ea6b93e543103e72eef9a6b9,5,18.51851851851852,high,ring_member,diffuse,Meebits,2854
0x7bd29408f11d2bfc23c34f18275bbf23bb716bc7:19403,27,144,3.6202,9,27,0x5c503df9051b1dbb941f3046cb293c97d7cef4ad,0xd315092b620ce48b437b03da903727a7a4b7fb10,20,74.07407407407408,high,ring_member,single_pair_dominated,Meebits,19403
0x7bd29408f11d2bfc23c34f18275bbf23bb716bc7:13687,27,480,3.01,25.5,27,0x57094ab5714bb4ccdea4da447ae6b19c5358794d,0xb705a2285e6a8c1abc9d96d601f6cc35c27da849,15,55.55555555555556,,,few_pair_dominated,Meebits,13687
0x7bd29408f11d2bfc23c34f18275bbf23bb716bc7:5279,27,2430,71.7,115,27,0xc67f86944736681996d5d2b0891ece8103da5db8,0xd327d751211921201277da07c556f18be8b4cf29,27,100,medium,concentrated_pair,single_pair_dominated,Meebits,5279
0xff9c1b15b16263c61d017ee9f65c50e4ae0113d7:1676,26,3739,2,220,26,0x3e3a55277c0e9f2d5cd333af5eeb3785ff435a59,0x6d608a93a1b86026c7f8241ee3828571ec3544fc,24,92.3076923076923,high,concentrated_pair,single_pair_dominated,Loot,1676
0x7bd29408f11d2bfc23c34f18275bbf23bb716bc7:1856,26,417,4,32,26,0x425e2abae324cfc5ec9e61bb6eeef89325f5d230,0x874e648804b02b9f510c48db5648c0604c3fa06b,18,69.23076923076923,,,few_pair_dominated,Meebits,1856
0x4e1f41613c9084fdb9e34e11fae9412427480e56:2727,25,1713,4.5,99,25,0x73a9a52be2a512120b5d90a5cf3ac84ce7c821f7,0xfe0c4192a3fcf7b781c9adb3064d19dc40585f8d,21,84,medium,concentrated_pair,single_pair_dominated,Terraforms,2727
0x7bd29408f11d2bfc23c34f18275bbf23bb716bc7:7493,25,4201,5,260,25,0x565c4b34aac8448a7e1af9fd105461c46317f449,0xebc23f01bb150efced718fe084238beb3777a716,7,28,,,diffuse,Meebits,7493
0x7bd29408f11d2bfc23c34f18275bbf23bb716bc7:7814,25,11304,3.8,600,25,0x30391a4f9d2f099d41888f811784281cba4097f0,0x82ff9e428ad69f54f4c0251d13607af7da8bd91e,23,92,medium,concentrated_pair,single_pair_dominated,Meebits,7814
0x7bd29408f11d2bfc23c34f18275bbf23bb716bc7:9764,24,97,2.8,7,24,0x0374b8b9b515dc83c4bc8b4706fdab15dfcd599e,0x6f50d0b6e1da4566ca242bd6a7ffdaaec80c8d81,19,79.16666666666667,,,single_pair_dominated,Meebits,9764
0x4e1f41613c9084fdb9e34e11fae9412427480e56:3205,24,271,9.034,14,24,0x30d49816074334bd6a95dfbec011c083d63404b4,0x913bcedff8dfb6315c7831cfc0d54b338ccce39c,24,100,medium,concentrated_pair,single_pair_dominated,Terraforms,3205
0x4e1f41613c9084fdb9e34e11fae9412427480e56:6545,24,1749,0.39,98.89,24,0x3aafb3888e6d4b07b6250b0327c94f5ddc991196,0xafe079a7118231d0639b8b5cb3a502602d1536e7,22,91.66666666666667,medium,concentrated_pair,single_pair_dominated,Terraforms,6545
0x4e1f41613c9084fdb9e34e11fae9412427480e56:3163,24,2218,0.475,160,24,0x8129d4010a676a660502a4770d8a97f8d1788e5f,0xa683c1b815997a7fa38f6178c84675fc4c79ac2b,23,95.83333333333333,medium,concentrated_pair,single_pair_dominated,Terraforms,3163
0x7bd29408f11d2bfc23c34f18275bbf23bb716bc7:8770,23,5092,33.32,396,23,0x4dcbb1fe5983ad5b44dc661273a4f11ca812f8b8,0xd7e630afcf128feb8b9071a8412914478c00c22a,23,100,medium,concentrated_pair,single_pair_dominated,Meebits,8770
0x4e1f41613c9084fdb9e34e11fae9412427480e56:6731,23,1008,0.36,420,23,0x86610ea8ea284713e59b3d4c8c8922a049a5bf2d,0xe9725f63dc6afc4c4d8958dde82d41dd3d490554,19,82.6086956521739,,,single_pair_dominated,Terraforms,6731
0x4e1f41613c9084fdb9e34e11fae9412427480e56:8851,22,390,10,20,22,0x13bc83435c957ef371e754dd54b8397634d425fc,0xa7fa0fcf03be35addd0c0ce4471a518d5534fba5,22,100,medium,concentrated_pair,single_pair_dominated,Terraforms,8851
0xff9c1b15b16263c61d017ee9f65c50e4ae0113d7:3222,22,7821,90,500,22,0x6f4fc13fc8205162d5003bb2bd2ef7a6ea1439c6,0x7d21d6f8e03746bef7fb64710c1569505f76dc18,22,100,medium,concentrated_pair,single_pair_dominated,Loot,3222
0x4e1f41613c9084fdb9e34e11fae9412427480e56:4440,22,9291,0.292,700,22,0x7158e09bbc9693811bee0cf0b8d956cdf38aad16,0xe76a7b0d62af49711fcd930a2ef27c06896e69bd,20,90.9090909090909,medium,concentrated_pair,single_pair_dominated,Terraforms,4440
0x7bd29408f11d2bfc23c34f18275bbf23bb716bc7:4827,21,2654,3.56,350,21,0x0eba5e314b660503b13e47b733300d19d4648f06,0xebc23f01bb150efced718fe084238beb3777a716,5,23.80952380952381,,,diffuse,Meebits,4827
0x4e1f41613c9084fdb9e34e11fae9412427480e56:6590,21,670,0.4,50,21,0x1995423b1b9e330b14b5a2f2a9f8985992b36dc6,0xccbc5527467b38b3c19c10a59988eacd32f9044f,18,85.71428571428571,,,single_pair_dominated,Terraforms,6590
0x7bd29408f11d2bfc23c34f18275bbf23bb716bc7:11956,21,138,5.88,7.6,21,0x7f9b8c7bd797503af08e48ac52e19b0cd5ae9ac4,0xef27c02656a00401b19bc3f8451799fe8ffc919e,12,57.142857142857146,,,few_pair_dominated,Meebits,11956
0xff9c1b15b16263c61d017ee9f65c50e4ae0113d7:4267,21,9215,390,489,21,0x902e77345b7baf9aba47c4febdb210406995a88d,0xe6410ecbaa041a5dcde79164ca66de42a8d72bee,21,100,medium,concentrated_pair,single_pair_dominated,Loot,4267
0x7bd29408f11d2bfc23c34f18275bbf23bb716bc7:16310,20,6333,3.82,635,20,0x1a974c07a42b9322d264df235c6edb87268e5a0b,0xf0839f77d88a93e74b5aca6946b89f110de750cf,19,95,,,single_pair_dominated,Meebits,16310
0xff9c1b15b16263c61d017ee9f65c50e4ae0113d7:4308,20,4461,2.2,310,20,0xe2b413653f8a118be237a05a99eca576ce1bd6be,0xfab59c265792bdeede3b07953b5babb41bf91af8,5,25,,,diffuse,Loot,4308
0x4e1f41613c9084fdb9e34e11fae9412427480e56:4206,20,88679,3871,5314,20,0xd761146b10fc5c14fbfbd04801abbd4dcf758fa2,0xf1ddb5dacc5a916842aae0a6fbe59c36f97bd940,7,35,,,few_pair_dominated,Terraforms,4206
0x7bd29408f11d2bfc23c34f18275bbf23bb716bc7:9926,20,2572,4,169,20,0x789655f162fe39c20c33957fe3a7c9c583e5d84f,0xd91dd13c3652d798ea6b93e543103e72eef9a6b9,18,90,high,ring_member,single_pair_dominated,Meebits,9926
0x7bd29408f11d2bfc23c34f18275bbf23bb716bc7:12369,19,978,3.55,90,19,0xaec2f67e1845bf47c6507171dd49e542272347ae,0xf4e298c4d4fc2231b6056ea1362f761551b71755,1,5.2631578947368425,,,diffuse,Meebits,12369
0x4e1f41613c9084fdb9e34e11fae9412427480e56:1971,19,466,0.33,45,19,0x143e690d34d71c805c5443c5273ca921e5f47d61,0x93c22236cec86c4451bf266218f8ab6216d7866f,11,57.89473684210526,,,few_pair_dominated,Terraforms,1971
0x4e1f41613c9084fdb9e34e11fae9412427480e56:1422,19,3158,138.45754,198,19,0x23a085fbaad21201c9b1f39e9bdf70af60f752d3,0xd2d4234866d7e1aab34f83082f1a3e8fbcdd26b1,19,100,medium,concentrated_pair,single_pair_dominated,Terraforms,1422
0x4e1f41613c9084fdb9e34e11fae9412427480e56:5140,19,9788,100,590,19,0x87f4c9668b2ddadd05eec44eee3985b5642673d1,0xc0502d3a25ce3095df3cd0d48f613e5fed63f85f,19,100,,,single_pair_dominated,Terraforms,5140
0x7bd29408f11d2bfc23c34f18275bbf23bb716bc7:15978,18,1038,3.9,90.02,18,0x00f847e6362ecbb8caeb3e886a2650dd083aa8ee,0x3c8bb3423c483b059be524bed3e1b9b32da68d25,4,22.22222222222222,,,diffuse,Meebits,15978
0x4e1f41613c9084fdb9e34e11fae9412427480e56:8968,18,3563,0.34999,296,18,0x0669ae78c0e3683ea7f16769015e583b0852224d,0x36c6c939e067adfdf534ec49faadfea55e30e71c,17,94.44444444444444,,,single_pair_dominated,Terraforms,8968
0xff9c1b15b16263c61d017ee9f65c50e4ae0113d7:6717,18,653,16,52,18,0x6fac2bcca1f5397bf2bc96aa4ae8f35728882761,0x933e5514f560c3788a521b9dd7207b0dd43845a0,13,72.22222222222223,,,single_pair_dominated,Loot,6717
0x7bd29408f11d2bfc23c34f18275bbf23bb716bc7:18345,18,2459,3.6,240,18,0x0eba5e314b660503b13e47b733300d19d4648f06,0x565c4b34aac8448a7e1af9fd105461c46317f449,4,22.22222222222222,,,diffuse,Meebits,18345
0x4e1f41613c9084fdb9e34e11fae9412427480e56:5806,18,335,1,23.2,18,0x1af4dc024642f3c07ba1d165fc37da51eeccd120,0xcc0bc128d5e4d5de105a8a08223857e094f2703d,12,66.66666666666667,,,few_pair_dominated,Terraforms,5806
0x4e1f41613c9084fdb9e34e11fae9412427480e56:1909,18,119,0.3,9.2,18,0x3af5d66bee8decacfc74b9f048d04343e9335694,0x4da6aeb9c6add3299c5a936e2e8801272249619d,14,77.77777777777777,,,single_pair_dominated,Terraforms,1909
0x7bd29408f11d2bfc23c34f18275bbf23bb716bc7:3553,18,35708,3.6,5500,18,0x50ea421b54fb7b034449808ba511a68ff4b0d29a,0x7dbb760ecfdcbfe5d425c67019966ba05a3c48ae,17,94.44444444444444,medium,concentrated_pair,single_pair_dominated,Meebits,3553
0x4e1f41613c9084fdb9e34e11fae9412427480e56:7767,18,148,0.29,45,18,0xdc37fcf96f80d51559756acfb36493553a38b750,0xef50d6d1b5ba487e904c8e2a6dc5aeffe15e07d7,13,72.22222222222223,,,single_pair_dominated,Terraforms,7767
0x4e1f41613c9084fdb9e34e11fae9412427480e56:2229,17,3779,177.5,349,17,0x0820f4612c4f657354ee9b30008ed307a2bceea7,0x6ad244466777fb941917deab621e922b1feadd85,17,100,medium,concentrated_pair,single_pair_dominated,Terraforms,2229
0x4e1f41613c9084fdb9e34e11fae9412427480e56:3464,17,1077,12,83,17,0x0e26b2af0cad6eda72fd0d2b39cfb4d71bab4a36,0x90d7f9c7de3e993dfebc8dff0fffde47bf223a51,9,52.94117647058823,,,few_pair_dominated,Terraforms,3464
0x4e1f41613c9084fdb9e34e11fae9412427480e56:9092,17,257,0.2515,20,17,0x2d9704486b49f346e9ac28e4aa92a5da8951cd30,0xbd94c71fae6d529311a1eb58478aa9ff8d5de8e8,14,82.3529411764706,,,single_pair_dominated,Terraforms,9092
0xff9c1b15b16263c61d017ee9f65c50e4ae0113d7:5418,17,1277,5,94,17,0x31d7564b5536ed5d3dc0813e4e03c77e4f1ae3ac,0x404f96d8c953a30fef50955885603744fb792f76,17,100,,,single_pair_dominated,Loot,5418
0x4e1f41613c9084fdb9e34e11fae9412427480e56:3573,17,13,0.34,1,17,0xd4988611d8f20d3b914c2c787dc1491dfbab3541,0xe46f304c7bb1d04ff238bc3bab9ec8e9ea5922d4,15,88.23529411764706,,,single_pair_dominated,Terraforms,3573
0x7bd29408f11d2bfc23c34f18275bbf23bb716bc7:14974,17,153,4,10,17,0xd7eb3b14c44adabb27b407d37b79e539b2052707,0xe27b2b551c81fb5908fb306c5d40850712c41a64,15,88.23529411764706,,,single_pair_dominated,Meebits,14974
0x7bd29408f11d2bfc23c34f18275bbf23bb716bc7:3768,16,175,0.1801,19,16,0x12ceeac985aeafc178472b5f9e7a278c5c95602f,0x1eb7b04236b95943dcddfd2e96dbb1ba3b37f44c,11,68.75,,,few_pair_dominated,Meebits,3768
0x4e1f41613c9084fdb9e34e11fae9412427480e56:5716,16,1254,0.34,178,16,0x1c2a5f431d0c7946261eac7e2007d311a1d25bb8,0x33bfa7dab9a1b9e3cdc2da81e2605d49aca3e2ca,6,37.5,,,few_pair_dominated,Terraforms,5716
0x7bd29408f11d2bfc23c34f18275bbf23bb716bc7:16335,16,651,12.99,58.74,16,0x2ee1e6483ab36c07a7f7593cee9c8c7df7c729ac,0xaeb18a774d6be15af6df72577d80939ef0dab3ce,16,100,medium,concentrated_pair,single_pair_dominated,Meebits,16335
0xff9c1b15b16263c61d017ee9f65c50e4ae0113d7:1164,16,1606,98,110,16,0x3448cc87a74529322337bd8ae71565171d9f728f,0x614387bec1a22d428a496782c54d2fc51fc4711c,16,100,medium,concentrated_pair,single_pair_dominated,Loot,1164
0xff9c1b15b16263c61d017ee9f65c50e4ae0113d7:428,16,201,11.1,15,16,0x457cfc6c75953b56d00df4f2043da0e136905689,0x975c30c9ca2b9126728e12e4fc592e5bd70a5a31,16,100,,,single_pair_dominated,Loot,428
0x7bd29408f11d2bfc23c34f18275bbf23bb716bc7:7670,15,1799,4,149,15,0x0ea5cad50f13b9e792e6416b70d8c15e50fd14ed,0xfb0c57332edaf4c31c31d7e23b47e71e6ce7b39c,14,93.33333333333333,,,single_pair_dominated,Meebits,7670
0x7bd29408f11d2bfc23c34f18275bbf23bb716bc7:14967,15,8821,3.6,1122,15,0x50ea421b54fb7b034449808ba511a68ff4b0d29a,0x7dbb760ecfdcbfe5d425c67019966ba05a3c48ae,13,86.66666666666667,medium,concentrated_pair,single_pair_dominated,Meebits,14967
0x4e1f41613c9084fdb9e34e11fae9412427480e56:8592,15,1171,0.33,100.6,15,0x1b98a7fce1e2668b744eaa4251c624a342bfed4c,0x614c484b9191a9c92e4235051e07dc71259d56aa,14,93.33333333333333,,,single_pair_dominated,Terraforms,8592
0x4e1f41613c9084fdb9e34e11fae9412427480e56:6726,15,816,0.21,75,15,0x2eb73cdf547e81789edd0d2670ae8bf045d52e0d,0x7aa1afeabfd31c81917b89af4bc99f9c62798bac,12,80,,,single_pair_dominated,Terraforms,6726
0x4e1f41613c9084fdb9e34e11fae9412427480e56:6455,15,140,0.25,19,15,0x32545cbf82ace06271298a6a67d9214381fa411d,0xfe0bdacdb414b08a707f833fc72b3a9a9924a2f0,12,80,,,single_pair_dominated,Terraforms,6455
0xff9c1b15b16263c61d017ee9f65c50e4ae0113d7:1514,15,1402,50,102,15,0x3448cc87a74529322337bd8ae71565171d9f728f,0x614387bec1a22d428a496782c54d2fc51fc4711c,15,100,medium,concentrated_pair,single_pair_dominated,Loot,1514
0x4e1f41613c9084fdb9e34e11fae9412427480e56:7593,15,383,11.17604,32.857,15,0x4af4d2c619fc7e6f520d9321d3f81ecd3d4baf18,0xf586b3a66022dac2c0279ef6a2f3a968ec243efa,15,100,,,single_pair_dominated,Terraforms,7593
0x4e1f41613c9084fdb9e34e11fae9412427480e56:8492,15,68,3,5.5,15,0x6b67c887cd0db4512132bc391a99cb343db51317,0xf19369942bd442c61ca3fd0fec4b32979a009177,15,100,,,single_pair_dominated,Terraforms,8492
0x4e1f41613c9084fdb9e34e11fae9412427480e56:3923,15,206,3.283,20.843336,15,0x9e125350ad093868b65f9d0820cf040c76ab6d11,0xaf2528caebf58fdc31d95b3ec467646b82f65e28,15,100,,,single_pair_dominated,Terraforms,3923
0x4e1f41613c9084fdb9e34e11fae9412427480e56:2812,15,183,0.359,14.5,15,0xec75db285aef9be0d01621f3bfc16f73c9bff679,0xfa695a14cce9e183d83d7c140aa79bef2c526035,14,93.33333333333333,,,single_pair_dominated,Terraforms,2812
0x7bd29408f11d2bfc23c34f18275bbf23bb716bc7:4179,14,166,3.851,15,14,0x0344e6dc73a4128d7a889509a13c3dd25b4b688a,0x72b62f6f66fe33fa140f46678194c0cca1e61cc4,10,71.42857142857143,,,single_pair_dominated,Meebits,4179
0x7bd29408f11d2bfc23c34f18275bbf23bb716bc7:2922,14,133,3.8,20,14,0x15d18fe697c23097bcfe741354c17947abcaecd3,0x7bbfea11307af4203b6479831ad774fe7c491d9a,7,50,,,few_pair_dominated,Meebits,2922
0x7bd29408f11d2bfc23c34f18275bbf23bb716bc7:19018,14,69,3.6201,5,14,0x1e44b7de14477bbbe400350fe43b8c1b1c6a3055,0xae0844a76d473b97711a5cae9c3ee4c0eea43e4b,12,85.71428571428571,,,single_pair_dominated,Meebits,19018
0x7bd29408f11d2bfc23c34f18275bbf23bb716bc7:15645,14,164,3.9,25,14,0x97fb0eda14c48073332915a0f30b52f37958b7e3,0xa2e5577bf8b12b1a4122f618d6f8cb4eafc4a179,8,57.142857142857146,,,few_pair_dominated,Meebits,15645
0xff9c1b15b16263c61d017ee9f65c50e4ae0113d7:1430,14,1342,30,110,14,0x3448cc87a74529322337bd8ae71565171d9f728f,0x614387bec1a22d428a496782c54d2fc51fc4711c,14,100,medium,concentrated_pair,single_pair_dominated,Loot,1430
0x7bd29408f11d2bfc23c34f18275bbf23bb716bc7:503,14,4423,253,384,14,0x36209cad56c31332d575bed3e989c988c2ad8eee,0x622ecd97194351253b1b2d2f02d4777ed7e2c298,14,100,medium,concentrated_pair,single_pair_dominated,Meebits,503
0x7bd29408f11d2bfc23c34f18275bbf23bb716bc7:6038,14,1222,76.99,100,14,0x8cf8e075aff12e8016aa16a23d4e37f9547f6836,0xa7fff1722940343f4a9e0d82b49d335c87f3ce43,14,100,,,single_pair_dominated,Meebits,6038
0x4e1f41613c9084fdb9e34e11fae9412427480e56:4632,13,530,0.4,59.8,13,0x0a8d98d6b85991db713f5dfde6380fcf62db2590,0x31cfbebc00155fd4ff1865c9ab27cd1c3b4dcf1d,12,92.3076923076923,,,single_pair_dominated,Terraforms,4632
0x4e1f41613c9084fdb9e34e11fae9412427480e56:7749,13,765,55,60,13,0x20251a0505ead51fb2c6ce5c1f399924ea068322,0xdc9223d287bbcbd0bee3d2bd1b05a2ad846efdd4,13,100,,,single_pair_dominated,Terraforms,7749
0xff9c1b15b16263c61d017ee9f65c50e4ae0113d7:2349,13,1250,50,100,13,0x3448cc87a74529322337bd8ae71565171d9f728f,0x614387bec1a22d428a496782c54d2fc51fc4711c,13,100,medium,concentrated_pair,single_pair_dominated,Loot,2349
0x4e1f41613c9084fdb9e34e11fae9412427480e56:1045,13,7407,350.123424,665,13,0x3872332f90d97158dc80b87ceeddb1d04c9cacf4,0xd7e630afcf128feb8b9071a8412914478c00c22a,13,100,,,single_pair_dominated,Terraforms,1045
0xff9c1b15b16263c61d017ee9f65c50e4ae0113d7:537,12,606,1.401,140,12,0x81f971d1e5f964dbd12cdf4a51475f2875dbd943,0x8629396e39997886cf31fc77a2761c5a58247268,10,83.33333333333333,,,single_pair_dominated,Loot,537
0x4e1f41613c9084fdb9e34e11fae9412427480e56:8712,12,2638,150,321,12,0x0820f4612c4f657354ee9b30008ed307a2bceea7,0x6ad244466777fb941917deab621e922b1feadd85,12,100,medium,concentrated_pair,single_pair_dominated,Terraforms,8712
0x4e1f41613c9084fdb9e34e11fae9412427480e56:5356,12,12,0.29,1.43,12,0x2c8fd9866c5b302cfce117c799bba122afd365d7,0x3c5d1dc97a64063aaa1469e16a6da6475d165efd,10,83.33333333333333,,,single_pair_dominated,Terraforms,5356
0x7bd29408f11d2bfc23c34f18275bbf23bb716bc7:17207,12,438,19.58,77,12,0x485f1c06a29b78093a9d350ae92aa70b70d4cf11,0x8f18d6a49bb392a84a4a4c03b69d29179e333946,4,33.333333333333336,,,few_pair_dominated,Meebits,17207
0x4e1f41613c9084fdb9e34e11fae9412427480e56:6770,12,133,0.33,19.8,12,0x519ed4503e05b5c467b19e11d280e64aa65aba86,0xc1ffe5627a0eae435f1d7ac6bc881a9d2c4e569a,11,91.66666666666667,,,single_pair_dominated,Terraforms,6770
0x4e1f41613c9084fdb9e34e11fae9412427480e56:2230,11,2480,170,328,11,0x0820f4612c4f657354ee9b30008ed307a2bceea7,0x6ad244466777fb941917deab621e922b1feadd85,11,100,medium,concentrated_pair,single_pair_dominated,Terraforms,2230
0x7bd29408f11d2bfc23c34f18275bbf23bb716bc7:18133,11,476,39.24824,47.5,11,0x0b3e578890fb5d200b071286e86fbb387f42935a,0xbf967d4df8c8e996688a718124a2b9596ec8aede,11,100,,,single_pair_dominated,Meebits,18133
0x4e1f41613c9084fdb9e34e11fae9412427480e56:4003,11,105,9,10.423,11,0x1b85776c211f514edf45e3b0322abeadbd185f67,0xe6d8796db42080df3bf047961d9cfb274865066e,11,100,,,single_pair_dominated,Terraforms,4003
0x4e1f41613c9084fdb9e34e11fae9412427480e56:7683,11,31,0.398,3.65,11,0x1cf52710061e55edabccf691ae8f54b05fee6ffe,0x8b3020100065c857d96747c3012a381c74f40bdf,10,90.9090909090909,,,single_pair_dominated,Terraforms,7683
0xff9c1b15b16263c61d017ee9f65c50e4ae0113d7:3495,11,1082,93,102,11,0x23a085fbaad21201c9b1f39e9bdf70af60f752d3,0xd2d4234866d7e1aab34f83082f1a3e8fbcdd26b1,11,100,medium,concentrated_pair,single_pair_dominated,Loot,3495
0x4e1f41613c9084fdb9e34e11fae9412427480e56:1912,11,1000,10,100,11,0x3448cc87a74529322337bd8ae71565171d9f728f,0x614387bec1a22d428a496782c54d2fc51fc4711c,11,100,medium,concentrated_pair,single_pair_dominated,Terraforms,1912
0x4e1f41613c9084fdb9e34e11fae9412427480e56:458,10,452,0.3,58.5,10,0x0913d0e287948b10430b30cdc37cbd9d61b5f2e0,0x770360e608fac325885fb78325d4f1ac2d9b2bdf,8,80,,,single_pair_dominated,Terraforms,458
0x4e1f41613c9084fdb9e34e11fae9412427480e56:8099,10,9024,159,2000,10,0x0ce37f7166d9f94180274348207829f72ce23737,0x95c2937f0565e259b5afd4269a0fa221d2d3c5ec,6,60,,,few_pair_dominated,Terraforms,8099
0x7bd29408f11d2bfc23c34f18275bbf23bb716bc7:10993,10,3544,196,1000,10,0x123432244443b54409430979df8333f9308a6040,0xea5abc1a1689984ebfdc41130886bdaeb5c24078,10,100,,,single_pair_dominated,Meebits,10993
0xff9c1b15b16263c61d017ee9f65c50e4ae0113d7:2096,10,874,18,140,10,0x193d1e750dc78702e9d847aeb114c7af19ac6811,0x268d3a8c4701000546dd0bf959bf6c8956cc3e5e,6,60,,,few_pair_dominated,Loot,2096
0x4e1f41613c9084fdb9e34e11fae9412427480e56:1432,10,257,14.109,38.227,10,0x24cef5bf190a8f4d637c54ea4ff964763e5bbffe,0x5f0ec909f89067d721b7a676416ccdb21d59c3f9,10,100,,,single_pair_dominated,Terraforms,1432
0x4e1f41613c9084fdb9e34e11fae9412427480e56:7712,10,211,19.25,23.1,10,0x2c9346a914cfa4a33752acd616c9c5867a7873b0,0x8513fafe1813b6ec3bbd9fc4baf5340bda8d670b,10,100,,,single_pair_dominated,Terraforms,7712
0x7bd29408f11d2bfc23c34f18275bbf23bb716bc7:15326,10,209,3.55,90,10,0x9a9303df5f23c6581f28038a5c151e7f440b9790,0xa90a1452ea66fa8912f5473ec46aaebe65e7306f,2,20,,,diffuse,Meebits,15326
0x7bd29408f11d2bfc23c34f18275bbf23bb716bc7:9542,10,275,3.55,34,10,0x3bc28adae60b44d4fdb0d2cd659872be7f265a42,0xfdaef3fd59aeb885e11302339e33183ac660a5ca,1,10,,,diffuse,Meebits,9542
0x7bd29408f11d2bfc23c34f18275bbf23bb716bc7:229,10,49,3.9,6.5,10,0x4003b5fee68a8659687a854135f61f2cb4f839b6,0xb921c84a49d4dd992fb39a2cba45b0dfe8d28275,6,60,medium,concentrated_pair,few_pair_dominated,Meebits,229
0xff9c1b15b16263c61d017ee9f65c50e4ae0113d7:6022,10,7715,2,990,10,0x61f942b6eedd9b400aa9780637c84d2770af85b6,0xd21f9c44c0356026becc451572a2bc249b42d757,10,100,,,single_pair_dominated,Loot,6022
0x4e1f41613c9084fdb9e34e11fae9412427480e56:6169,10,108,0.368,12.66,10,0x7f62bf17a1674d3a6cb78aaa98d1b7769ea15059,0xc77fe33391539660a79c60e8819bc501d24214e6,9,90,,,single_pair_dominated,Terraforms,6169
0xff9c1b15b16263c61d017ee9f65c50e4ae0113d7:1205,10,318,13.7,85,10,0xf1e84eb82fac92280320795a3370d08a131043d0,0xfc764fd7fcd1293d16dc7f60bdc0c1c7e94cfa20,10,100,,,single_pair_dominated,Loot,1205
0x4e1f41613c9084fdb9e34e11fae9412427480e56:8716,9,1946,152,335,9,0x0820f4612c4f657354ee9b30008ed307a2bceea7,0x6ad244466777fb941917deab621e922b1feadd85,9,100,medium,concentrated_pair,single_pair_dominated,Terraforms,8716
0x4e1f41613c9084fdb9e34e11fae9412427480e56:4119,9,54,0.22,18,9,0x1d2d15b67ba0846d2b95a783d2b02117bc4304ab,0x2f0d275573a30b756fc284af8769f859ca5b5f43,3,33.333333333333336,,,few_pair_dominated,Terraforms,4119
0x4e1f41613c9084fdb9e34e11fae9412427480e56:2298,9,732,0.34,99,9,0x82baf20033dbffe04b091d344a7731d2c0f56f2f,0xf7e549121bc8422887f48a18251e279700e93178,8,88.88888888888889,,,single_pair_dominated,Terraforms,2298
0x7bd29408f11d2bfc23c34f18275bbf23bb716bc7:14316,9,433,14,84,9,0x2f5a9cf125dbcf8123815d45257241fae40e1eeb,0x8858ee1e00bdf542c11c8ebc0ef5577621fc51dd,1,11.11111111111111,,,diffuse,Meebits,14316
0x4e1f41613c9084fdb9e34e11fae9412427480e56:4529,9,900,100,100,9,0x3448cc87a74529322337bd8ae71565171d9f728f,0x614387bec1a22d428a496782c54d2fc51fc4711c,9,100,medium,concentrated_pair,single_pair_dominated,Terraforms,4529
0x4e1f41613c9084fdb9e34e11fae9412427480e56:8761,9,3747,383,442,9,0x36209cad56c31332d575bed3e989c988c2ad8eee,0x622ecd97194351253b1b2d2f02d4777ed7e2c298,9,100,medium,concentrated_pair,single_pair_dominated,Terraforms,8761
0x7bd29408f11d2bfc23c34f18275bbf23bb716bc7:5190,9,51,3.851,7.268301,9,0x99dd5c7bb8f8c093cddfab498771e3c4ff990749,0xb0a8745b788970abd6ba20698c0de730caad0288,6,66.66666666666667,,,few_pair_dominated,Meebits,5190
0x4e1f41613c9084fdb9e34e11fae9412427480e56:1925,9,4971,0.34,670,9,0x4655b5df7cc14cbeb42ef2f5463ad63045517706,0xe4fb666f53f271f4af9253bc593f4cf807ec8f2e,8,88.88888888888889,,,single_pair_dominated,Terraforms,1925
0x7bd29408f11d2bfc23c34f18275bbf23bb716bc7:18186,9,384,39.578,45,9,0x567fdbe66195b7e6f4cab2290bbe2d83107a3ab3,0xbad4af9c8bc7eb07282c06e982eb4618e2586f3f,5,55.55555555555556,medium,concentrated_pair,few_pair_dominated,Meebits,18186
0x7bd29408f11d2bfc23c34f18275bbf23bb716bc7:12941,9,48,5,6,9,0x58798038378ad9d60ca8c4473ea23d66ce6a4608,0x6bfc5b4388acb91f4af8bebd47d31f464f02c924,9,100,,,single_pair_dominated,Meebits,12941
0x7bd29408f11d2bfc23c34f18275bbf23bb716bc7:6744,9,1091,3.45,293.812,9,0x594c6ed60fa2471de8757b34b116d68b68824017,0xe7bc49fcd5ce7adffbf34ab0ca8cd818c87ae89c,4,44.44444444444444,,,few_pair_dominated,Meebits,6744
0x4e1f41613c9084fdb9e34e11fae9412427480e56:6639,9,66,6.567,8.15,9,0x71e9b24c9b01a58b1f6fdf5b3910aa205366b6ba,0xbf571c179a60fc86de5ef1ad574cc3cd0b8fee62,9,100,,,single_pair_dominated,Terraforms,6639
0x4e1f41613c9084fdb9e34e11fae9412427480e56:4386,9,235,3,40,9,0x7a1bcb582fbdfb6fae842905eabaed6c1992b349,0x9c9190635d46c36452da89c1603216e0377e0e57,9,100,,,single_pair_dominated,Terraforms,4386
0x4e1f41613c9084fdb9e34e11fae9412427480e56:6783,9,129,13.18682685,15.5,9,0x80504d9a641615274c7f72cd358c53f7b9c8ab3e,0xd11342d85db33c28b804be53af5c0de5827bd618,9,100,,,single_pair_dominated,Terraforms,6783
0xff9c1b15b16263c61d017ee9f65c50e4ae0113d7:6612,9,266,5.5,44.1,9,0xbdaa031a00e51d4f1c5811eedb82f4b305d66753,0xfc576e579aacc0e122f1ac84e3f7f64b2ea31383,9,100,,,single_pair_dominated,Loot,6612
0x4e1f41613c9084fdb9e34e11fae9412427480e56:5958,8,313,0.21,93.1,8,0x85f8d4d80b01df74d3c5aaa86b861a0d027a21c6,0xcb0f490420e19c1b8f4eb6c3f23ca065a4422a8c,5,62.5,,,few_pair_dominated,Terraforms,5958
0x4e1f41613c9084fdb9e34e11fae9412427480e56:8714,8,1440,147,205,8,0x0820f4612c4f657354ee9b30008ed307a2bceea7,0x6ad244466777fb941917deab621e922b1feadd85,8,100,medium,concentrated_pair,single_pair_dominated,Terraforms,8714
0x7bd29408f11d2bfc23c34f18275bbf23bb716bc7:9028,8,1900,204,310,8,0x0820f4612c4f657354ee9b30008ed307a2bceea7,0x6ad244466777fb941917deab621e922b1feadd85,8,100,medium,concentrated_pair,single_pair_dominated,Meebits,9028
0x4e1f41613c9084fdb9e34e11fae9412427480e56:8363,8,1915,200,314,8,0x0820f4612c4f657354ee9b30008ed307a2bceea7,0x6ad244466777fb941917deab621e922b1feadd85,8,100,medium,concentrated_pair,single_pair_dominated,Terraforms,8363
0x7bd29408f11d2bfc23c34f18275bbf23bb716bc7:10498,8,200,15,30,8,0x09db95f10375f184130e3e6114913df05f9cc4dc,0xa2d2f4b1add20318899f49fdd5830146e48319b9,8,100,,,single_pair_dominated,Meebits,10498
0x4e1f41613c9084fdb9e34e11fae9412427480e56:4426,8,1478,3,220,8,0x0b09f947c2df5eaa5ed20a192a51311509cfe23a,0x6fd2234b199a3b8d7b6e3f502dd8ea43a6699a97,6,75,,,single_pair_dominated,Terraforms,4426
0x4e1f41613c9084fdb9e34e11fae9412427480e56:5742,8,33,0.389,6,8,0x0d15719729ff9751a6d71cceeb4df4bd6f18c83d,0xea40804dcc7c15becbb4c06f071350d33765d00f,6,75,,,single_pair_dominated,Terraforms,5742
0x4e1f41613c9084fdb9e34e11fae9412427480e56:2006,8,31,0.35,4.61,8,0x197fe3ee16556577180f6578050802106e8bc446,0xf37fd0d703ea28c6ff519ed005c5d013fd2ef7d7,7,87.5,,,single_pair_dominated,Terraforms,2006
0x4e1f41613c9084fdb9e34e11fae9412427480e56:7784,8,39,0.257,7.24378,8,0x1be94b68e7608135c0d051017b98768225dd28a9,0x8de1f457080a55c9f1ca6b314c4c7d38ec5d8476,6,75,,,single_pair_dominated,Terraforms,7784
0xff9c1b15b16263c61d017ee9f65c50e4ae0113d7:1414,8,4763,1.4,990,8,0x34dc6ee3aa606e381d018b49fc9a9ab5d28a8065,0x9193feef154208f4ea7e07d090cab32d4d4f3f74,6,75,,,single_pair_dominated,Loot,1414
0x4e1f41613c9084fdb9e34e11fae9412427480e56:8891,8,191,0.34,49,8,0x6da9d4b8fb8c5e53d8c90aa099d62724b0de60f4,0x9897a13dcb54b4e8743b86c3724f98b185e94e69,4,50,,,few_pair_dominated,Terraforms,8891
0xff9c1b15b16263c61d017ee9f65c50e4ae0113d7:6857,8,5734,2,930.314,8,0x61f942b6eedd9b400aa9780637c84d2770af85b6,0xd21f9c44c0356026becc451572a2bc249b42d757,8,100,,,single_pair_dominated,Loot,6857
0x4e1f41613c9084fdb9e34e11fae9412427480e56:3292,7,92,9.6,16.3,7,0x0113637dd65dd04accc4c54f4408c362dffeceaf,0xbc35670d0ba21ce20b70fc8a55af259b69d14da2,7,100,low,inventory_shuffle_review,single_pair_dominated,Terraforms,3292
0x7bd29408f11d2bfc23c34f18275bbf23bb716bc7:3019,7,167,22,26,7,0x07292dedde6e5a06aff33200025c372b8c4ed55b,0x710f89a2bfc1c10102c9bdc66e2c6babc72e3829,7,100,,,single_pair_dominated,Meebits,3019
0x4e1f41613c9084fdb9e34e11fae9412427480e56:8360,7,1392,170,244,7,0x0820f4612c4f657354ee9b30008ed307a2bceea7,0x6ad244466777fb941917deab621e922b1feadd85,7,100,medium,concentrated_pair,single_pair_dominated,Terraforms,8360
0x4e1f41613c9084fdb9e34e11fae9412427480e56:8365,7,1823,192,356,7,0x0820f4612c4f657354ee9b30008ed307a2bceea7,0x6ad244466777fb941917deab621e922b1feadd85,7,100,medium,concentrated_pair,single_pair_dominated,Terraforms,8365
0x7bd29408f11d2bfc23c34f18275bbf23bb716bc7:2652,7,108,8,19.6,7,0x132a12c9c35b8c9603495a9ff9350dc0e5d67358,0xf29c6918459339ce1d152f84fb271652956c5c5f,7,100,,,single_pair_dominated,Meebits,2652
0x4e1f41613c9084fdb9e34e11fae9412427480e56:7350,7,2235,0.3498,604,7,0x4655b5df7cc14cbeb42ef2f5463ad63045517706,0xe4fb666f53f271f4af9253bc593f4cf807ec8f2e,4,57.142857142857146,,,few_pair_dominated,Terraforms,7350
0x7bd29408f11d2bfc23c34f18275bbf23bb716bc7:18973,7,193,25.5,30,7,0x2cdbf64c0327a731b53bdd6ce715c3ad6ba099c7,0xbd44923f0bae4c06a4170a294c66f0afdb232726,7,100,,,single_pair_dominated,Meebits,18973
0x4e1f41613c9084fdb9e34e11fae9412427480e56:9469,7,600,0.265,100,7,0x3448cc87a74529322337bd8ae71565171d9f728f,0x614387bec1a22d428a496782c54d2fc51fc4711c,6,85.71428571428571,medium,concentrated_pair,single_pair_dominated,Terraforms,9469
0xff9c1b15b16263c61d017ee9f65c50e4ae0113d7:4555,7,700,100,100,7,0x3448cc87a74529322337bd8ae71565171d9f728f,0x614387bec1a22d428a496782c54d2fc51fc4711c,7,100,medium,concentrated_pair,single_pair_dominated,Loot,4555
0x7bd29408f11d2bfc23c34f18275bbf23bb716bc7:17397,7,46,4.508,8.24,7,0x40feb63d11e020d206eb1e910aebb8dc6b1b6eb4,0xee8bec90d574f2a4581169b8a5614f266c145ced,7,100,,,single_pair_dominated,Meebits,17397
0x4e1f41613c9084fdb9e34e11fae9412427480e56:8132,7,442,0.3487,100,7,0x4aad48cb4e63c8101d9de242bcdb3be8b5f9e11e,0xba87625e35cc8f86be68f09c43c12deb0a705a3d,6,85.71428571428571,,,single_pair_dominated,Terraforms,8132
0x4e1f41613c9084fdb9e34e11fae9412427480e56:5046,7,1191,133,235,7,0x5cbc912ba172984fbb8aef4c28f31cc02d66ce19,0xfbed7e15eb82a0ec39f06e766c695dd0ccd34207,7,100,medium,concentrated_pair,single_pair_dominated,Terraforms,5046
0x7bd29408f11d2bfc23c34f18275bbf23bb716bc7:5221,7,67,2.79,15,7,0x7a1bcb582fbdfb6fae842905eabaed6c1992b349,0x9c9190635d46c36452da89c1603216e0377e0e57,6,85.71428571428571,,,single_pair_dominated,Meebits,5221
0x7bd29408f11d2bfc23c34f18275bbf23bb716bc7:5676,7,110,10,16.75,7,0x8ace9857b8e4af3c477ada96b3844aa4acf94d22,0xe98522889bc0343f38bb9ff2dc1d16559e39637c,7,100,,,single_pair_dominated,Meebits,5676
0x4e1f41613c9084fdb9e34e11fae9412427480e56:8927,7,109,0.399,19,7,0x9783c554a3f05d5eef7edd1ea6bddacc9f0e2f61,0xa2659408dd74021c057face0bd851216eee31c27,6,85.71428571428571,,,single_pair_dominated,Terraforms,8927
0x4e1f41613c9084fdb9e34e11fae9412427480e56:3385,7,58,0.39,10,7,0x9f9152287c585adbd8b6165d3d1f90153c6bbb83,0x9fc524aaeb1170d55db6dac9bd5537aca9a95c5a,6,85.71428571428571,,,single_pair_dominated,Terraforms,3385
0x4e1f41613c9084fdb9e34e11fae9412427480e56:3293,6,73,9.21,15.6,6,0x0113637dd65dd04accc4c54f4408c362dffeceaf,0xbc35670d0ba21ce20b70fc8a55af259b69d14da2,6,100,low,inventory_shuffle_review,single_pair_dominated,Terraforms,3293
0x4e1f41613c9084fdb9e34e11fae9412427480e56:3294,6,73,8.8,15,6,0x0113637dd65dd04accc4c54f4408c362dffeceaf,0xbc35670d0ba21ce20b70fc8a55af259b69d14da2,6,100,low,inventory_shuffle_review,single_pair_dominated,Terraforms,3294
0x4e1f41613c9084fdb9e34e11fae9412427480e56:3298,6,73,8.4,14.4,6,0x0113637dd65dd04accc4c54f4408c362dffeceaf,0xbc35670d0ba21ce20b70fc8a55af259b69d14da2,6,100,low,inventory_shuffle_review,single_pair_dominated,Terraforms,3298
0x4e1f41613c9084fdb9e34e11fae9412427480e56:9517,6,83,0.3475,21,6,0x02f069b2fe97a77c7c72450a10c896bf500b2450,0x49f45162b883070e9a8cd58cdf043b35deb03bfa,5,83.33333333333333,,,single_pair_dominated,Terraforms,9517
0x4e1f41613c9084fdb9e34e11fae9412427480e56:8707,6,1554,209,342,6,0x0820f4612c4f657354ee9b30008ed307a2bceea7,0x6ad244466777fb941917deab621e922b1feadd85,6,100,medium,concentrated_pair,single_pair_dominated,Terraforms,8707
0x4e1f41613c9084fdb9e34e11fae9412427480e56:3078,6,14,0.341,7.5,6,0x2b4daa89077190512488d5feba0c02b05141932c,0x63f6c58be0c97b5cb19c4c92bc73a66eceb738b3,2,33.333333333333336,,,few_pair_dominated,Terraforms,3078
0x4e1f41613c9084fdb9e34e11fae9412427480e56:4308,6,20,0.3469,4,6,0xc8e70799abbc6a48b6d0aeeedd89ccb000b64afa,0xe101e76021926280043e8142c9854ef0784d7857,5,83.33333333333333,,,single_pair_dominated,Terraforms,4308
0x4e1f41613c9084fdb9e34e11fae9412427480e56:2005,6,1006,1,250,6,0x116a4ea2f3d2a1c41c82d88df87416d070b5d94e,0xa294fdcfbdc1d47c77cd6192fb89d6f4cb577fd1,3,50,,,few_pair_dominated,Terraforms,2005
0x4e1f41613c9084fdb9e34e11fae9412427480e56:4474,6,196,0.36,49.99,6,0x14dec35854c5550afb8fd8394c3cf6593a974666,0xb4f5d8b1bcc5ae8c8d4d5154b9695cb64de79d4a,3,50,,,few_pair_dominated,Terraforms,4474
0x7bd29408f11d2bfc23c34f18275bbf23bb716bc7:1934,6,1265,197.65032,225,6,0x2082c5a3c08a4d5ade0ce779e24b463daa241646,0x537037c5ae805b9d4cecab5ee07f12a8e59a15b2,6,100,,,single_pair_dominated,Meebits,1934
0x4e1f41613c9084fdb9e34e11fae9412427480e56:7969,6,204,0.369,45,6,0x21c697775ab134621607e9a204575c84de91ed47,0xe207469b9f36ea5cbb38582abd2ae5a35b36bf20,5,83.33333333333333,,,single_pair_dominated,Terraforms,7969
0xff9c1b15b16263c61d017ee9f65c50e4ae0113d7:640,6,113,2.05,23.5,6,0x296c0ffcb645bdd7b2dbfe75440df12bad458d18,0xc9ff792d842ce164478d810437834725e4aa330e,5,83.33333333333333,,,single_pair_dominated,Loot,640
0x7bd29408f11d2bfc23c34f18275bbf23bb716bc7:15362,6,211,24,48,6,0x2ebcb6406a6a00f7542f377211ce69e92fc6de3f,0x32476b2585269c6863c423b80dea03c81a9e8625,6,100,,,single_pair_dominated,Meebits,15362
0x7bd29408f11d2bfc23c34f18275bbf23bb716bc7:16035,6,109,18,18.5,6,0x3682deefecfde8c3c7c0681cd5ab0de4356672ea,0xf78cd5eddba77b8b8d8c230607b5cdd394f62864,3,50,,,few_pair_dominated,Meebits,16035
0x4e1f41613c9084fdb9e34e11fae9412427480e56:8442,6,39,0.377,15.1,6,0x32545cbf82ace06271298a6a67d9214381fa411d,0xfe0bdacdb414b08a707f833fc72b3a9a9924a2f0,5,83.33333333333333,,,single_pair_dominated,Terraforms,8442
0x4e1f41613c9084fdb9e34e11fae9412427480e56:7510,6,48,0.4,10,6,0x32c0b363a25530cb15b189df963510dcad7fa2bf,0x9ecf4a8e4d105b61bf5d5400dedc5f62791846cd,5,83.33333333333333,,,single_pair_dominated,Terraforms,7510
0x7bd29408f11d2bfc23c34f18275bbf23bb716bc7:13581,6,101,3.88,29.88,6,0x485f1c06a29b78093a9d350ae92aa70b70d4cf11,0x8f18d6a49bb392a84a4a4c03b69d29179e333946,2,33.333333333333336,,,few_pair_dominated,Meebits,13581
0x4e1f41613c9084fdb9e34e11fae9412427480e56:9148,6,238,0.33,68,6,0x41982875ccd2ee67fae0ebbcf3a64324d19964ec,0xaa1334a644ee6379ecfb9db8483397a297f7ecdd,5,83.33333333333333,,,single_pair_dominated,Terraforms,9148
0x7bd29408f11d2bfc23c34f18275bbf23bb716bc7:1783,6,247,3.9,130,6,0x4789f41a2174eddb4a1371458e9e0cee48124562,0x534aa5f30805fc864360de06702d439c27fdea41,2,33.333333333333336,,,few_pair_dominated,Meebits,1783
0x4e1f41613c9084fdb9e34e11fae9412427480e56:9661,6,795,0.3,165.455,6,0x490bc4d7a3d3cc2e58923410f1f5001ff952126d,0x50e4731227345995ce11b7f1a98f7c40f835f76b,5,83.33333333333333,,,single_pair_dominated,Terraforms,9661
0x7bd29408f11d2bfc23c34f18275bbf23bb716bc7:9045,6,24,3.9,4.2,6,0x00668bd79ede077b99bbe1c4db59418bc333d4cf,0x97b5d56d02c0b97b02346d2eb61a1747b63a72d9,1,16.666666666666668,,,diffuse,Meebits,9045
0x4e1f41613c9084fdb9e34e11fae9412427480e56:7562,6,245,0.19,95,6,0x85f8d4d80b01df74d3c5aaa86b861a0d027a21c6,0xcb0f490420e19c1b8f4eb6c3f23ca065a4422a8c,3,50,,,few_pair_dominated,Terraforms,7562
0x4e1f41613c9084fdb9e34e11fae9412427480e56:6774,6,457,0.6,95,6,0x00000000009a41862f3b2b0c688b7c0d1940511e,0xe747c2d98e21de4f170fb65e84e8fa2f840c6e1c,5,83.33333333333333,,,single_pair_dominated,Terraforms,6774
0x7bd29408f11d2bfc23c34f18275bbf23bb716bc7:4939,6,41,6.48,7.35,6,0xb055af702180e0ad4ac8eb2250bf6736224cc2e7,0xbca2cf5e09748e38abd5091559ac95968d26b949,6,100,,,single_pair_dominated,Meebits,4939
0x4e1f41613c9084fdb9e34e11fae9412427480e56:3515,6,157,17,65,6,0xb84580a14e42c74efa1213ab2fb9f98da33452ee,0xcbe368f2a6f2ec81adbcb6a9c491c686f134767d,6,100,,,single_pair_dominated,Terraforms,3515
0xff9c1b15b16263c61d017ee9f65c50e4ae0113d7:6613,6,178,6,45,6,0xbdaa031a00e51d4f1c5811eedb82f4b305d66753,0xfc576e579aacc0e122f1ac84e3f7f64b2ea31383,6,100,,,single_pair_dominated,Loot,6613
0x4e1f41613c9084fdb9e34e11fae9412427480e56:7659,6,285,45,50,6,0xbee95b1270b4df6d7f8f79dbc0874da576bb69ff,0xcd615ce7e330089bc49a7aa2547f9e8b3d7fb7ea,6,100,,,single_pair_dominated,Terraforms,7659
0x4e1f41613c9084fdb9e34e11fae9412427480e56:138,5,988,0.26,983.681,5,0x6cc0d615f657e4209962b9e0e166d499b3b04ea3,0xe3f80c696d69d9feb1feea03d3af7d4cd17d5cc8,1,20,,,diffuse,Terraforms,138
0x7bd29408f11d2bfc23c34f18275bbf23bb716bc7:6175,5,385,8.5,100,5,0x1e5ce6f088fd0adb4fcff31cfb02a61503311be9,0x355963335c3d948f691c39b05deac4c31d1a7f6b,4,80,,,single_pair_dominated,Meebits,6175
0x4e1f41613c9084fdb9e34e11fae9412427480e56:9402,5,11,0.3427,5,5,0x4c5287834576f7f1f3732fc2dddef2d2db3fea53,0x63923511f7b628483f9e160cc173e68a5ded11b6,2,40,,,few_pair_dominated,Terraforms,9402
0xff9c1b15b16263c61d017ee9f65c50e4ae0113d7:5486,5,1006,1.772,500,5,0x1806b48ac4acd2cd894552062f03129d5158f7d9,0x3c1efa8653ab93fe99e332e08bdbc1e8b4d221dc,1,20,,,diffuse,Loot,5486
0x4e1f41613c9084fdb9e34e11fae9412427480e56:5636,5,69,0.38,24,5,0x5b8e324e04f589c94dd99137003cb8d364de1b59,0xf49f263806a1defa546f6d388615bbc487e53ab1,3,60,,,few_pair_dominated,Terraforms,5636
0x7bd29408f11d2bfc23c34f18275bbf23bb716bc7:1533,5,104,3.9,33,5,0xbc49056f8bbb49d0b16e33520d65185d561bbcb1,0xc386e699ad83f522f18e730e289d92b390ad92dc,3,60,,,few_pair_dominated,Meebits,1533
0x4e1f41613c9084fdb9e34e11fae9412427480e56:3966,5,500,100,100,5,0x3448cc87a74529322337bd8ae71565171d9f728f,0x614387bec1a22d428a496782c54d2fc51fc4711c,5,100,medium,concentrated_pair,single_pair_dominated,Terraforms,3966
0x7bd29408f11d2bfc23c34f18275bbf23bb716bc7:12686,5,84,15,18.1,5,0x4216ebb30b05277bc1643a3fa1530b92716a00b6,0xd89b540da20520b01b683a837bc287a275547855,2,40,,,few_pair_dominated,Meebits,12686
0xff9c1b15b16263c61d017ee9f65c50e4ae0113d7:1120,5,1470,95,358,5,0x42dd6252b9be3dad03220e8f730c300564d741a8,0x4c4691a6f813d9c5853512632ec7af9b77ede6ce,4,80,,,single_pair_dominated,Loot,1120
0xff9c1b15b16263c61d017ee9f65c50e4ae0113d7:6899,5,1294,91,323,5,0x42dd6252b9be3dad03220e8f730c300564d741a8,0x4c4691a6f813d9c5853512632ec7af9b77ede6ce,4,80,,,single_pair_dominated,Loot,6899
0x7bd29408f11d2bfc23c34f18275bbf23bb716bc7:7388,5,184,9.6,69.4,5,0x457c6bf2f3ae06906897489ec1358f4aef55caf9,0xcb8172da4bf02e759f8c98acda2fa01b83bf1057,5,100,,,single_pair_dominated,Meebits,7388
0x7bd29408f11d2bfc23c34f18275bbf23bb716bc7:16972,5,308,3.8,110,5,0x4789f41a2174eddb4a1371458e9e0cee48124562,0x534aa5f30805fc864360de06702d439c27fdea41,3,60,,,few_pair_dominated,Meebits,16972
0x4e1f41613c9084fdb9e34e11fae9412427480e56:3773,5,190,30,44.05,5,0x4cddff23d036e15fe786508ffa39b27f73b4a01a,0x6c9c83668f208d15eccfc4dddd3aa60a85096d9d,5,100,,,single_pair_dominated,Terraforms,3773
0x7bd29408f11d2bfc23c34f18275bbf23bb716bc7:5583,5,1063,34,350.546,5,0x4dcbb1fe5983ad5b44dc661273a4f11ca812f8b8,0xd7e630afcf128feb8b9071a8412914478c00c22a,5,100,medium,concentrated_pair,single_pair_dominated,Meebits,5583
0x7bd29408f11d2bfc23c34f18275bbf23bb716bc7:17249,5,144,18.5,36,5,0x5480bac7748c363ea8b52a90ae00d6e175998d49,0xffebcc2ca7d673585a27b319744f5fbc14a59137,5,100,,,single_pair_dominated,Meebits,17249
0xff9c1b15b16263c61d017ee9f65c50e4ae0113d7:953,5,109,20.5,23.8,5,0x601959dc20399dae8525c02bcd0a97e2afc6b3cf,0xf22b3b1dd52e20b9d75f0714d564f743968c4125,4,80,,,single_pair_dominated,Loot,953
0x4e1f41613c9084fdb9e34e11fae9412427480e56:6489,5,5,0.5,1.5,5,0x90b56d0e27e74c3c5e66ebfcaf12dc5ecf0665dd,0xfaf305f0330dd55f80adee5d424ac1cd22df00bd,2,40,,,few_pair_dominated,Terraforms,6489
0x7bd29408f11d2bfc23c34f18275bbf23bb716bc7:1559,5,89,3.85,25,5,0x6d7a33a5967c5fc68d86164fbb8bee9dea105343,0xba5debf38d8b334a4565481113d20efdbf3f046e,4,80,,,single_pair_dominated,Meebits,1559
0xff9c1b15b16263c61d017ee9f65c50e4ae0113d7:1830,5,29,5.6,6,5,0x717a0d2f527003174d46b56466a7c9c21726b998,0xb74e5e06f50fa9e4ef645efdad9d996d33cc2d9d,5,100,,,single_pair_dominated,Loot,1830
0xff9c1b15b16263c61d017ee9f65c50e4ae0113d7:2679,5,37,6.8,8.525,5,0x7577a232f7e33b15bbb0c0b3238995f499fbbbad,0x7e40366407d849a0133ee3fa86d7b829e00fc55b,5,100,,,single_pair_dominated,Loot,2679
0x7bd29408f11d2bfc23c34f18275bbf23bb716bc7:668,5,293,56.471,60,5,0x8eb964e215b4c7dc4e546021bad33ff9d2b7ceb0,0xe4490f6deed78a90574fca28a1554da037b7123e,5,100,,,single_pair_dominated,Meebits,668
0x4e1f41613c9084fdb9e34e11fae9412427480e56:3517,5,90,15.6,20,5,0xb84580a14e42c74efa1213ab2fb9f98da33452ee,0xcbe368f2a6f2ec81adbcb6a9c491c686f134767d,5,100,,,single_pair_dominated,Terraforms,3517
0x7bd29408f11d2bfc23c34f18275bbf23bb716bc7:11057,5,254,34,75,5,0xbee95b1270b4df6d7f8f79dbc0874da576bb69ff,0xcd615ce7e330089bc49a7aa2547f9e8b3d7fb7ea,5,100,,,single_pair_dominated,Meebits,11057
0x7bd29408f11d2bfc23c34f18275bbf23bb716bc7:10968,5,505,100,105,5,0xe4e836baada118a60923e98e5cf874153527f1ec,0xf47ff49820805577bc6df1c636382564dfa0a791,5,100,,,single_pair_dominated,Meebits,10968
0x4e1f41613c9084fdb9e34e11fae9412427480e56:3296,4,53,7.9,18.1,4,0x0113637dd65dd04accc4c54f4408c362dffeceaf,0xbc35670d0ba21ce20b70fc8a55af259b69d14da2,4,100,low,inventory_shuffle_review,single_pair_dominated,Terraforms,3296
0x4e1f41613c9084fdb9e34e11fae9412427480e56:3295,4,60,12.3,17.7,4,0x0113637dd65dd04accc4c54f4408c362dffeceaf,0xbc35670d0ba21ce20b70fc8a55af259b69d14da2,4,100,low,inventory_shuffle_review,single_pair_dominated,Terraforms,3295
0x4e1f41613c9084fdb9e34e11fae9412427480e56:3299,4,56,11.3,16.9,4,0x0113637dd65dd04accc4c54f4408c362dffeceaf,0xbc35670d0ba21ce20b70fc8a55af259b69d14da2,4,100,low,inventory_shuffle_review,single_pair_dominated,Terraforms,3299
0x7bd29408f11d2bfc23c34f18275bbf23bb716bc7:10013,4,190,46,50,4,0x0503ed50534614193fcd085c5de01728a4824822,0x2725bc18cb1bdf1fb875db33912759d02216a1b7,4,100,,,single_pair_dominated,Meebits,10013
0x7bd29408f11d2bfc23c34f18275bbf23bb716bc7:6807,4,99,18.8,30,4,0x85f8d4d80b01df74d3c5aaa86b861a0d027a21c6,0xcb0f490420e19c1b8f4eb6c3f23ca065a4422a8c,3,75,,,single_pair_dominated,Meebits,6807
0x4e1f41613c9084fdb9e34e11fae9412427480e56:9199,4,21,0.33,9.9,4,0x469b786bd2416eb6eb832741f2fd536f60a355d3,0x6bc823d18f11c2cb61a60ed1885ba0f819d748e3,2,50,,,few_pair_dominated,Terraforms,9199
0x7bd29408f11d2bfc23c34f18275bbf23bb716bc7:7638,4,1028,4,516,4,0x6341ce65a3171bec75bf6eba33eeea4a9ba59737,0x84abb6c94713d77970b7dcc3143412585ba6c4d9,2,50,medium,concentrated_pair,few_pair_dominated,Meebits,7638
0xff9c1b15b16263c61d017ee9f65c50e4ae0113d7:6817,4,356,2.2,176,4,0x13be5eb5159d477e375e5ceca120e196a4382de6,0xf9e2f060a91a86c22c315ba3f0aa9382ddb8627f,1,25,,,diffuse,Loot,6817
0xff9c1b15b16263c61d017ee9f65c50e4ae0113d7:7077,4,15,2.1,6.75,4,0x16ea504c9eddf8bb04516dc1fd34dfd404e7c369,0x1cfbf511a3f67f755695d4c732cd2b2f5156cb74,3,75,,,single_pair_dominated,Loot,7077
0x7bd29408f11d2bfc23c34f18275bbf23bb716bc7:7219,4,43,6,12.5,4,0x70be9cb0aeda8634f038201c00b37b2acb87a94d,0xf038946cef8566921e6631c9284d3fcd50309cc5,3,75,,,single_pair_dominated,Meebits,7219
0xff9c1b15b16263c61d017ee9f65c50e4ae0113d7:1280,4,61,2.5,20,4,0x1fa5cada1bb1216ba9f17c194a72d7b357022e21,0x29494defc2f1b92ef9a508bc678419f2351c69cf,3,75,,,single_pair_dominated,Loot,1280
0x7bd29408f11d2bfc23c34f18275bbf23bb716bc7:12891,4,78,18.8,20,4,0x24f557f66d292e3d73ddaac23dbc367da790abee,0x90095a7f2ea1e8cdf5432b6b74f4e0413da6f88f,4,100,,,single_pair_dominated,Meebits,12891
0x7bd29408f11d2bfc23c34f18275bbf23bb716bc7:8059,4,83,20,22.22,4,0x2cae0ac9a7a7048516868aad672c49ab632b38c8,0xe5e6ee25986549a41a61ae31080719d6db316580,1,25,,,diffuse,Meebits,8059
0x4e1f41613c9084fdb9e34e11fae9412427480e56:5515,4,53,0.32,18,4,0x33bc1a215e47448ae57cd8d23353d843a4d1e6b5,0x53e727023a6b807dd092c16b03d73018c6d7dcf4,1,25,,,diffuse,Terraforms,5515
0x7bd29408f11d2bfc23c34f18275bbf23bb716bc7:15248,4,56929,13862.5,14607,4,0x35d0ca92152d1fea18240d6c67c2adfe0cca287c,0xa99a76dddbb9678bc33f39919bc76d279c680c89,4,100,medium,concentrated_pair,single_pair_dominated,Meebits,15248
0x7bd29408f11d2bfc23c34f18275bbf23bb716bc7:4704,4,54615,11515,15000,4,0x35d0ca92152d1fea18240d6c67c2adfe0cca287c,0xa99a76dddbb9678bc33f39919bc76d279c680c89,4,100,medium,concentrated_pair,single_pair_dominated,Meebits,4704
0x7bd29408f11d2bfc23c34f18275bbf23bb716bc7:15560,4,45,3.37,14.3,4,0x3e24e8b238702fe49e58863bdeb7f9b674f47b58,0xe46e8dd7d03ec3332eb10a21b4d06fae1351c9c5,3,75,,,single_pair_dominated,Meebits,15560
0x4e1f41613c9084fdb9e34e11fae9412427480e56:4962,4,1150,0.27,591.94,4,0x4655b5df7cc14cbeb42ef2f5463ad63045517706,0xe4fb666f53f271f4af9253bc593f4cf807ec8f2e,2,50,,,few_pair_dominated,Terraforms,4962
0x7bd29408f11d2bfc23c34f18275bbf23bb716bc7:6626,4,885,165.7,357.7,4,0x4dcbb1fe5983ad5b44dc661273a4f11ca812f8b8,0xd7e630afcf128feb8b9071a8412914478c00c22a,4,100,medium,concentrated_pair,single_pair_dominated,Meebits,6626
0x7bd29408f11d2bfc23c34f18275bbf23bb716bc7:9384,4,72,4,30,4,0x51ea4f571e2c0b439fbc37ee97145ca078957f57,0xfaf0979d0f2722d841be77eb7180c3069879c9c7,3,75,,,single_pair_dominated,Meebits,9384
0x4e1f41613c9084fdb9e34e11fae9412427480e56:6147,4,191,0.33,100,4,0x56ce1ea39d2c8ac2cfb45d0cc104ea6c18b553bc,0xf28fcb80ad356622d88b8ff54e66c890acea5d42,2,50,,,few_pair_dominated,Terraforms,6147
0x7bd29408f11d2bfc23c34f18275bbf23bb716bc7:19272,4,137,10,44,4,0x7d17d5280b4b7195a7c1f01a4f0140bda7403c38,0x87aac0f8b36f02dab90053ed8ed51b306ec248ea,1,25,,,diffuse,Meebits,19272
0x7bd29408f11d2bfc23c34f18275bbf23bb716bc7:16339,4,59,3.7,26,4,0x7664e9340d723e7e2ea518afae11e11709b1e035,0x869c818ca5c5bf3486d9aebfc367fc7808355396,2,50,,,few_pair_dominated,Meebits,16339
0x7bd29408f11d2bfc23c34f18275bbf23bb716bc7:10084,4,185,15,80,4,0x8824624faada1352833f6f2d8e9c23a79b41bf87,0xb84f6da1b9accee009bdaba61573179b666b0d1a,2,50,none,inventory_shuffle_review,few_pair_dominated,Meebits,10084
0x4e1f41613c9084fdb9e34e11fae9412427480e56:4320,4,74,17.885,19,4,0x07bb120a4a1a781b8cde3b64c0b48b2d4e1e86a5,0xf44c1aac5ec121398aa87a2c1194c388318f595e,4,100,,,single_pair_dominated,Terraforms,4320
0x7bd29408f11d2bfc23c34f18275bbf23bb716bc7:15268,3,48,8,25.121,3,0x06aefd9ec1b9f0c903247499588d935e12bbcb60,0xf10410253f2b5621a11c6e929312126b045275aa,1,33.333333333333336,,,few_pair_dominated,Meebits,15268
0x7bd29408f11d2bfc23c34f18275bbf23bb716bc7:11527,3,48,8,24.619,3,0x06aefd9ec1b9f0c903247499588d935e12bbcb60,0xf10410253f2b5621a11c6e929312126b045275aa,1,33.333333333333336,,,few_pair_dominated,Meebits,11527
0x7bd29408f11d2bfc23c34f18275bbf23bb716bc7:15883,3,47,8,24.126,3,0x06aefd9ec1b9f0c903247499588d935e12bbcb60,0xe18a94a1e60903b1ec39d9104bed27d9a73ad9e2,1,33.333333333333336,,,few_pair_dominated,Meebits,15883
0x4e1f41613c9084fdb9e34e11fae9412427480e56:424,3,1,0.271,0.36,3,0x0719b6e7e996f0e4d40f2cdf8ba7724de43d763b,0x1fafef2c8d8cf8e9a2e6ec8558c280b7b5812678,1,33.333333333333336,,,few_pair_dominated,Terraforms,424
0x4e1f41613c9084fdb9e34e11fae9412427480e56:8364,3,777,206,325,3,0x0820f4612c4f657354ee9b30008ed307a2bceea7,0x6ad244466777fb941917deab621e922b1feadd85,3,100,medium,concentrated_pair,single_pair_dominated,Terraforms,8364
0x7bd29408f11d2bfc23c34f18275bbf23bb716bc7:18793,3,68,4,60,3,0x534aa5f30805fc864360de06702d439c27fdea41,0xef3d9ddf59f3622a04753c61e6c4d596e7fc610d,1,33.333333333333336,,,few_pair_dominated,Meebits,18793
0x7bd29408f11d2bfc23c34f18275bbf23bb716bc7:16669,3,31,7.42,12.5,3,0x0a8c2ee08760251705f5aaf7bb0e7b490029bc27,0xb6cb30c7ed898fdaad80b449b99863b3f5ac3c20,3,100,,,single_pair_dominated,Meebits,16669
0x4e1f41613c9084fdb9e34e11fae9412427480e56:9097,3,96,0.347,48.1,3,0x0c2db7cb6d59b0f68c72480460b1d225e71740b4,0x78613bedec6cbcd79f7926cf5e6befeae718a4c8,2,66.66666666666667,,,few_pair_dominated,Terraforms,9097
0x7bd29408f11d2bfc23c34f18275bbf23bb716bc7:17739,3,184,4.15,160,3,0x7e6db35729b28f1357f846c0657edc44b4c2fc12,0xc6ac8a42344b750b9de0e71289292b620c328131,2,66.66666666666667,,,few_pair_dominated,Meebits,17739
0x7bd29408f11d2bfc23c34f18275bbf23bb716bc7:4617,3,11,3.35,4.2,3,0x97b5d56d02c0b97b02346d2eb61a1747b63a72d9,0xaf2528caebf58fdc31d95b3ec467646b82f65e28,1,33.333333333333336,,,few_pair_dominated,Meebits,4617
0xff9c1b15b16263c61d017ee9f65c50e4ae0113d7:5742,3,89,10,40,3,0x1024f09cc1e21f6964d70deb40af366b83b6eab7,0xb4382ae0d90c5a6f982efa65ee38edfdac8c9f0a,3,100,,,single_pair_dominated,Loot,5742
0x7bd29408f11d2bfc23c34f18275bbf23bb716bc7:208,3,17,3.4,6.75,3,0x16ea504c9eddf8bb04516dc1fd34dfd404e7c369,0x1cfbf511a3f67f755695d4c732cd2b2f5156cb74,2,66.66666666666667,,,few_pair_dominated,Meebits,208
0xff9c1b15b16263c61d017ee9f65c50e4ae0113d7:3215,3,8,1.805,3,3,0x16ea504c9eddf8bb04516dc1fd34dfd404e7c369,0x1cfbf511a3f67f755695d4c732cd2b2f5156cb74,1,33.333333333333336,,,few_pair_dominated,Loot,3215
0x4e1f41613c9084fdb9e34e11fae9412427480e56:4117,3,9,0.399,7.6,3,0x3bf32df7041903f3eb20bbfcab91f9e13786c520,0xf6696e114437a65bf607ff4c4518b1a8d4379729,1,33.333333333333336,,,few_pair_dominated,Terraforms,4117
0x4e1f41613c9084fdb9e34e11fae9412427480e56:7311,3,204,22,92,3,0x189c3d5a3939246009acc3eb252366c82c9ddad4,0x96896d6efa8b2ca2a713519d0d5e71ec94aeb5cb,1,33.333333333333336,,,few_pair_dominated,Terraforms,7311
0x4e1f41613c9084fdb9e34e11fae9412427480e56:8516,3,79,0.27,40,3,0x19e4ff5694f90ede9a14d184d07746f622b905be,0x5703dca673b389cd24427484099db5b04139e7b5,2,66.66666666666667,,,few_pair_dominated,Terraforms,8516
0x7bd29408f11d2bfc23c34f18275bbf23bb716bc7:6331,3,69,8,31,3,0x1c7c9f6f89feebc99a94d64709281ba43cf00492,0x1d5565705bdd78b9c1742acab729c0ce1cb2a2d4,3,100,,,single_pair_dominated,Meebits,6331
0x4e1f41613c9084fdb9e34e11fae9412427480e56:6279,3,26,8,9,3,0x1db6a0bfb16ed5d7e88074b61122067c39d1861b,0xdfbbe5686d054944a4e64cdd588f5777b56d1b63,3,100,,,single_pair_dominated,Terraforms,6279
0x7bd29408f11d2bfc23c34f18275bbf23bb716bc7:699,3,27,7.42069,9.99,3,0x3d07561dba56476b18c4def300c609ea5024438f,0x975b33c881e8652d1ddd76c90aa18994fa5ab56f,1,33.333333333333336,,,few_pair_dominated,Meebits,699
0x7bd29408f11d2bfc23c34f18275bbf23bb716bc7:10729,3,31,3.45,24.2,3,0x222e859cb744eba5dcaf5224f52b69cb1bd72456,0x97b5d56d02c0b97b02346d2eb61a1747b63a72d9,1,33.333333333333336,,,few_pair_dominated,Meebits,10729
0x4e1f41613c9084fdb9e34e11fae9412427480e56:9706,3,1,0.2511,0.367,3,0x2cfdc3a7d7f597426f37fbae1c45a3d9f1c8b190,0xd42d52b709829926531c64a32f2713b4dc8ea6f6,1,33.333333333333336,,,few_pair_dominated,Terraforms,9706
0x7bd29408f11d2bfc23c34f18275bbf23bb716bc7:15936,3,1180,250,660,3,0x30391a4f9d2f099d41888f811784281cba4097f0,0x82ff9e428ad69f54f4c0251d13607af7da8bd91e,3,100,medium,concentrated_pair,single_pair_dominated,Meebits,15936
0x7bd29408f11d2bfc23c34f18275bbf23bb716bc7:17328,3,19,4.1,10.5,3,0x32b29d589b909b9ac8c7f08790eeaa267e2d6440,0x66b0daa97ef0b4ab85d2eda0fa518a4c2f992a6b,1,33.333333333333336,,,few_pair_dominated,Meebits,17328
0x7bd29408f11d2bfc23c34f18275bbf23bb716bc7:13824,3,30055,355,15000,3,0x35d0ca92152d1fea18240d6c67c2adfe0cca287c,0xa99a76dddbb9678bc33f39919bc76d279c680c89,2,66.66666666666667,medium,concentrated_pair,few_pair_dominated,Meebits,13824
0x7bd29408f11d2bfc23c34f18275bbf23bb716bc7:7451,3,38966,10300,14366,3,0x35d0ca92152d1fea18240d6c67c2adfe0cca287c,0xa99a76dddbb9678bc33f39919bc76d279c680c89,2,66.66666666666667,medium,concentrated_pair,few_pair_dominated,Meebits,7451
0x4e1f41613c9084fdb9e34e11fae9412427480e56:6205,3,1094,357.2688,372,3,0x3872332f90d97158dc80b87ceeddb1d04c9cacf4,0xd7e630afcf128feb8b9071a8412914478c00c22a,3,100,,,single_pair_dominated,Terraforms,6205
0x7bd29408f11d2bfc23c34f18275bbf23bb716bc7:16200,3,68,15.8,32,3,0x485f1c06a29b78093a9d350ae92aa70b70d4cf11,0xe3dbc37f19c9496c81c6e19d656029a607193cf8,2,66.66666666666667,,,few_pair_dominated,Meebits,16200
0x7bd29408f11d2bfc23c34f18275bbf23bb716bc7:18511,3,90,29.95,29.97,3,0x483b613641720bdd7848f4d90a01883141b753db,0xf14afa6a2960a3e79a9a1d617405907f67a7f9d4,1,33.333333333333336,,,few_pair_dominated,Meebits,18511
0x7bd29408f11d2bfc23c34f18275bbf23bb716bc7:7641,3,169,4.2,90,3,0x4789f41a2174eddb4a1371458e9e0cee48124562,0x534aa5f30805fc864360de06702d439c27fdea41,2,66.66666666666667,,,few_pair_dominated,Meebits,7641
0x7bd29408f11d2bfc23c34f18275bbf23bb716bc7:2456,3,29,9.346,10.1,3,0x492191d35ee2040e7733e7d18e405314a31aba85,0x58f3e78f49296d5ad1c7798057a2e34949e95d55,1,33.333333333333336,,,few_pair_dominated,Meebits,2456
0x7bd29408f11d2bfc23c34f18275bbf23bb716bc7:3205,3,58,18.5,20,3,0x4b5245a982b5d972683a74116f9af2652cc08c29,0x4d5101debc14ed602c4d81e15d07760feacccd0c,3,100,,,single_pair_dominated,Meebits,3205
0x4e1f41613c9084fdb9e34e11fae9412427480e56:7598,3,2,0.354,1,3,0x4d7d5ab7b456839cf0288a776ea0167d105e1d46,0x64d6f5907c86284d81cc8db2430123e808f55c5c,2,66.66666666666667,,,few_pair_dominated,Terraforms,7598
0x7bd29408f11d2bfc23c34f18275bbf23bb716bc7:202,3,11,3.65,3.95,3,0x4ddf671baa8eb81909722daa5c1def4a55191f5c,0x97b5d56d02c0b97b02346d2eb61a1747b63a72d9,1,33.333333333333336,,,few_pair_dominated,Meebits,202
0x4e1f41613c9084fdb9e34e11fae9412427480e56:3817,3,10,0.35,8.8,3,0x4f0c141173283757c6fc968dc717eb6acb383eed,0x7742f0f5318f6aad3d46b49c7185f3869da0f0b6,1,33.333333333333336,,,few_pair_dominated,Terraforms,3817
0x4e1f41613c9084fdb9e34e11fae9412427480e56:9692,3,2,0.398,1,3,0x5690392b6664202bbef0aea81add74ace29b0588,0x6769f6ce58c0231c92a32a1576da0d76cbf8d225,2,66.66666666666667,,,few_pair_dominated,Terraforms,9692
0x7bd29408f11d2bfc23c34f18275bbf23bb716bc7:14461,3,12,3.8,4.5,3,0xc1ea30f39345e46eed39b14741b82b9eae5f1de2,0xd14827a835b53011f8058df335c59da26f7c9a96,1,33.333333333333336,,,few_pair_dominated,Meebits,14461
0x7bd29408f11d2bfc23c34f18275bbf23bb716bc7:7697,3,12,3.85,4.1,3,0x463caebf339d4d61cc633b9e1bca7df17c8a83a8,0x97b5d56d02c0b97b02346d2eb61a1747b63a72d9,1,33.333333333333336,,,few_pair_dominated,Meebits,7697
0x4e1f41613c9084fdb9e34e11fae9412427480e56:8457,3,34,0.34689,18.5,3,0x5b8e324e04f589c94dd99137003cb8d364de1b59,0xf49f263806a1defa546f6d388615bbc487e53ab1,2,66.66666666666667,,,few_pair_dominated,Terraforms,8457
0x4e1f41613c9084fdb9e34e11fae9412427480e56:1951,3,7,2.4,2.5,3,0x62386fa4682a4a41539019c868dad324323e22e0,0xdf6e9126140500df63c972658ca7ced57e6a5309,3,100,,,single_pair_dominated,Terraforms,1951
0x4e1f41613c9084fdb9e34e11fae9412427480e56:264,3,3,1,1,3,0x63a4ec4dd48a96dbdb68fb1e8b312a7083ef9e24,0xd7272f37e384b594e885237aa29013cb49295e14,3,100,,,single_pair_dominated,Terraforms,264
0xff9c1b15b16263c61d017ee9f65c50e4ae0113d7:3147,3,798,95,355,3,0x6f4fc13fc8205162d5003bb2bd2ef7a6ea1439c6,0x7d21d6f8e03746bef7fb64710c1569505f76dc18,3,100,medium,concentrated_pair,single_pair_dominated,Loot,3147
0x7bd29408f11d2bfc23c34f18275bbf23bb716bc7:7649,3,11,3.62,3.7,3,0x231b466a99f8b3dfaee331f2c4ea16324bb1b94b,0x7990e3d38279931be8f396b5dac50f0765ad9f9f,1,33.333333333333336,,,few_pair_dominated,Meebits,7649
0x7bd29408f11d2bfc23c34f18275bbf23bb716bc7:5559,3,30,10,10,3,0x8047ecbb85a17f6d1cd53d7d673508679d0dfb82,0x980b7d21c758b6e135ce2186c14264e686b2e840,2,66.66666666666667,,,few_pair_dominated,Meebits,5559
0x4e1f41613c9084fdb9e34e11fae9412427480e56:4211,3,30,10,10,3,0x81741b78b50788ce8be28e2cac2ceaa8207292c5,0xbce3bd3b206946abbe094903ae2b4244b52fb4e9,3,100,,,single_pair_dominated,Terraforms,4211
0x7bd29408f11d2bfc23c34f18275bbf23bb716bc7:3435,3,43,10,20,3,0x91ed35bbfad9ca76aa5573b06687a3214cb7707d,0xa2c5be20eb19dc5b389b191877f87156cafe1f19,3,100,,,single_pair_dominated,Meebits,3435
0x4e1f41613c9084fdb9e34e11fae9412427480e56:570,3,1,0.24,0.358,3,0x92472d32a8ad5182594f5b0b022aa5571dade0ae,0xedfe72e631ccf40e42873376f635b5d7171893b2,1,33.333333333333336,,,few_pair_dominated,Terraforms,570
0x7bd29408f11d2bfc23c34f18275bbf23bb716bc7:2034,3,12,3.71,4.09,3,0x97b5d56d02c0b97b02346d2eb61a1747b63a72d9,0xe3dbc37f19c9496c81c6e19d656029a607193cf8,2,66.66666666666667,,,few_pair_dominated,Meebits,2034
0x7bd29408f11d2bfc23c34f18275bbf23bb716bc7:19685,3,179,58.8,60,3,0xa23cb68780be74b254a5f7210ec6cf1c76289953,0xd68c599a549e8518b2e0dab9cd437c930ac2f12b,3,100,,,single_pair_dominated,Meebits,19685
0x7bd29408f11d2bfc23c34f18275bbf23bb716bc7:10896,3,380,123.97,129.5,3,0xa2b5bfa909a77ea092bb9e9dff132504de751c80,0xb6874fade69d15044bd0d8cdf3e8241ac055a579,3,100,,,single_pair_dominated,Meebits,10896
0x7bd29408f11d2bfc23c34f18275bbf23bb716bc7:11137,3,16,5.1,5.3,3,0xac000d8081428f2caded1826b463d2ddc848c1e8,0xeb4f4631759179652f40cae77ad51b4e076765fc,2,66.66666666666667,,,few_pair_dominated,Meebits,11137
0x4e1f41613c9084fdb9e34e11fae9412427480e56:904,3,119,37.28,42.083,3,0xbdaa031a00e51d4f1c5811eedb82f4b305d66753,0xfc576e579aacc0e122f1ac84e3f7f64b2ea31383,3,100,,,single_pair_dominated,Terraforms,904
0x4e1f41613c9084fdb9e34e11fae9412427480e56:6701,3,2,0.3,1,3,0xc89ce9f096ddb405359b22a4863a08e8828e88d7,0xf8d0be6ef045d1f9cafcd95b807fbabf5bf6fc1d,3,100,,,single_pair_dominated,Terraforms,6701
0x4e1f41613c9084fdb9e34e11fae9412427480e56:2011,3,4,0.38,1.9,3,0xcb832de0c1f2501fbd19ee48f801d3d729fd4d04,0xfbdbcf1ebe27245e3488541f19cac902e53239a4,2,66.66666666666667,,,few_pair_dominated,Terraforms,2011
0x7bd29408f11d2bfc23c34f18275bbf23bb716bc7:16224,3,53,7.5,23,3,0xce1c3172319c50fcace62f281daf4a3ac29c4494,0xf17a57cc21b2d9bbe8e2da1fa6a0f14a8c85ff1f,3,100,,,single_pair_dominated,Meebits,16224
0x7bd29408f11d2bfc23c34f18275bbf23bb716bc7:16886,3,38,8,20,3,0xd3e2e76e4ab0322614fe7aaa3be0b04bed83d0d0,0xd44e9b676e74ae45c0a39150be771eb189bb2337,3,100,,,single_pair_dominated,Meebits,16886
0x4e1f41613c9084fdb9e34e11fae9412427480e56:1725,3,7,2.28,2.5,3,0xd42a4deab2bdc576733b4925bd199cfdfdfc55dd,0xdab378d5a7ebd70cb8546dba720de51876acc670,3,100,,,single_pair_dominated,Terraforms,1725
0x4e1f41613c9084fdb9e34e11fae9412427480e56:3297,2,16,8,8.2,2,0x0113637dd65dd04accc4c54f4408c362dffeceaf,0xbc35670d0ba21ce20b70fc8a55af259b69d14da2,2,100,low,inventory_shuffle_review,single_pair_dominated,Terraforms,3297
0x7bd29408f11d2bfc23c34f18275bbf23bb716bc7:13674,2,91,45,46,2,0x02dd2e6ed097546165a5b5d29fa51e51f3aa1f75,0xa2272469c824d2b34407c08c1b377f3027406fea,2,100,,,single_pair_dominated,Meebits,13674
0x4e1f41613c9084fdb9e34e11fae9412427480e56:9562,2,1,0.35,1,2,0x051138293e52ab3d18290a1776051e8122d8b3ee,0x6596ab754080e51b914c744b8b8ce759f166f1e6,1,50,,,few_pair_dominated,Terraforms,9562
0x7bd29408f11d2bfc23c34f18275bbf23bb716bc7:15310,2,9,4.1,5,2,0x054882f5d1c45b0565d2d61ca65ef2c388b12be0,0x17b346aed942ff22d14ed7bf40948cc924d0ee4c,1,50,,,few_pair_dominated,Meebits,15310
0x7bd29408f11d2bfc23c34f18275bbf23bb716bc7:1151,2,50,10,40,2,0x06cb6b855313162f42c338689a5ae7b6b44f12be,0xc8f688743cdefbcdb095e91bc69aebe3f7a9c535,2,100,,,single_pair_dominated,Meebits,1151
0x4e1f41613c9084fdb9e34e11fae9412427480e56:8366,2,614,295,319,2,0x0820f4612c4f657354ee9b30008ed307a2bceea7,0x6ad244466777fb941917deab621e922b1feadd85,2,100,medium,concentrated_pair,single_pair_dominated,Terraforms,8366
0x4e1f41613c9084fdb9e34e11fae9412427480e56:8708,2,450,196,254,2,0x0820f4612c4f657354ee9b30008ed307a2bceea7,0x6ad244466777fb941917deab621e922b1feadd85,2,100,medium,concentrated_pair,single_pair_dominated,Terraforms,8708
0x4e1f41613c9084fdb9e34e11fae9412427480e56:3786,2,7,3.528,3.6,2,0x08c04b505c95cc0bb8589f6d50215a56176cba19,0x37db97a511a7f68f1d104e7b4fff2c31ae48c475,2,100,,,single_pair_dominated,Terraforms,3786
0x7bd29408f11d2bfc23c34f18275bbf23bb716bc7:6512,2,22,11,11,2,0x0a8c2ee08760251705f5aaf7bb0e7b490029bc27,0xb6cb30c7ed898fdaad80b449b99863b3f5ac3c20,2,100,,,single_pair_dominated,Meebits,6512
0x4e1f41613c9084fdb9e34e11fae9412427480e56:1721,2,1005,0.241,1005.21,2,0x404ad9568f0bb7d714e80b423f6b3b07e06eb7b5,0xaae5602fb092720b7efde9f9de143426b1889dff,1,50,,,few_pair_dominated,Terraforms,1721
0x4e1f41613c9084fdb9e34e11fae9412427480e56:8356,2,1,0.355,0.355,2,0x1bda89908db0c7d9f9ca54429f6f0823d8949005,0x9fad9add02571a8069ef95dd9018a9f68f2018ac,1,50,,,few_pair_dominated,Terraforms,8356
0x4e1f41613c9084fdb9e34e11fae9412427480e56:6811,2,1,0.35,0.66,2,0x0e0b43331afe772a5ff62dd22a55f6b831c2ebab,0x1fecc6d7dbf785d970b56fe2c6d0a91b25a5552d,1,50,,,few_pair_dominated,Terraforms,6811
0x4e1f41613c9084fdb9e34e11fae9412427480e56:1729,2,1,0.4,0.49,2,0x4aaaa1d378261ba62cfaec62cb78fd6ec78d8ce3,0x64c41c387f84f8b5ca5c0ed9933600c36beeda58,1,50,,,few_pair_dominated,Terraforms,1729
0x7bd29408f11d2bfc23c34f18275bbf23bb716bc7:16206,2,7,3.65,3.75,2,0x044aa806926223dd6d0e4a8ba55c2d9667473276,0x97b5d56d02c0b97b02346d2eb61a1747b63a72d9,1,50,,,few_pair_dominated,Meebits,16206
0x7bd29408f11d2bfc23c34f18275bbf23bb716bc7:7481,2,7,3.6,3.79,2,0x277b68855f7b72b026d166068bd83403bc2821c3,0x6487892dff909617b6fae370408c978e3b9630c5,1,50,,,few_pair_dominated,Meebits,7481
0x4e1f41613c9084fdb9e34e11fae9412427480e56:9245,2,63,31.36,32,2,0x101031ba81a2cb5e2c0d83b2e0071edfad1eb4ee,0xbf13215f5267441581e0811c09dcd5786370ec19,2,100,,,single_pair_dominated,Terraforms,9245
0x4e1f41613c9084fdb9e34e11fae9412427480e56:3075,2,2,0.3469,1.5,2,0xacdfcfc82d73dfc12259fb9286f2e06aad5b980e,0xae72c6a6fad9fa9d82d089e1ebf73b3043855425,1,50,,,few_pair_dominated,Terraforms,3075
0x7bd29408f11d2bfc23c34f18275bbf23bb716bc7:5637,2,8,3.62,4,2,0x144e1547ad7be53ed5f751406a661540b860d522,0xc087195a816e1f247f1865189d76c6be0aed9982,1,50,,,few_pair_dominated,Meebits,5637
0x4e1f41613c9084fdb9e34e11fae9412427480e56:4665,2,1,0.3,0.35,2,0x14e163cbcd2ff53d9f554f1161aa5977e1e03720,0xce266203cc90f26b346a9f359fea7ced2f4e62dd,1,50,,,few_pair_dominated,Terraforms,4665
0x4e1f41613c9084fdb9e34e11fae9412427480e56:2485,2,75,10,65,2,0x15b16eb2212336a44ecb169c49e5bd55f469410f,0xb61023807fcef4d67928eb163012bf242395b715,2,100,,,single_pair_dominated,Terraforms,2485
0x4e1f41613c9084fdb9e34e11fae9412427480e56:2045,2,75,15,60,2,0x15b16eb2212336a44ecb169c49e5bd55f469410f,0xb61023807fcef4d67928eb163012bf242395b715,2,100,,,single_pair_dominated,Terraforms,2045
0x7bd29408f11d2bfc23c34f18275bbf23bb716bc7:7081,2,9,4.508,4.6,2,0x162a64e9988479a960d943418479152c58e0c884,0x8ee85560d6ea1ab558a0e4146a692b02255bbb45,2,100,,,single_pair_dominated,Meebits,7081
0x4e1f41613c9084fdb9e34e11fae9412427480e56:3906,2,44,21.56,22,2,0x16969deca3504cb48ec016ca1028519d2fd60834,0xb082fc0de2684743c05ab5ef198c48cc471c4fa5,2,100,,,single_pair_dominated,Terraforms,3906
0x7bd29408f11d2bfc23c34f18275bbf23bb716bc7:8270,2,8,3.75,3.99,2,0x6507db73d6ade38af8467eb5ab445f224cedaf38,0x97b5d56d02c0b97b02346d2eb61a1747b63a72d9,1,50,,,few_pair_dominated,Meebits,8270
0x7bd29408f11d2bfc23c34f18275bbf23bb716bc7:6033,2,170,85,85,2,0x17966f7e987a42d00a633fa0219fded049682406,0x97644eb37aec93b3413ae9e9e6c1914b2efef6a2,2,100,,,single_pair_dominated,Meebits,6033
0x7bd29408f11d2bfc23c34f18275bbf23bb716bc7:14569,2,20,9.98,10,2,0x1a20b32fde1edfab1f84b325379a7c5609abc49b,0x7db3e3f10fad9db3a2da202ddfe62e6a05b86087,2,100,,,single_pair_dominated,Meebits,14569
0x4e1f41613c9084fdb9e34e11fae9412427480e56:9107,2,1,0.365,0.5,2,0x1b15a5de957c68e9468ba9f385e2f46c5eae91b9,0xe2885515bae1cf170daa4e9e3d84878b782e2137,1,50,,,few_pair_dominated,Terraforms,9107
0x7bd29408f11d2bfc23c34f18275bbf23bb716bc7:11905,2,8,3.65,4.04,2,0x00668bd79ede077b99bbe1c4db59418bc333d4cf,0x97b5d56d02c0b97b02346d2eb61a1747b63a72d9,1,50,,,few_pair_dominated,Meebits,11905
0x4e1f41613c9084fdb9e34e11fae9412427480e56:7843,2,1,0.34,0.48,2,0x1da9066d37190daa56bcbb8390865db7ae3f68a2,0xe809c867738d56b0c83f85b960450652817e6975,1,50,,,few_pair_dominated,Terraforms,7843
0x7bd29408f11d2bfc23c34f18275bbf23bb716bc7:16615,2,20,9.7,10,2,0x1dac5bf20722e462b3c388d4d1153836926c9b5c,0x237fb21ad3f697e64ddb69bb9051a16c81b78a74,2,100,,,single_pair_dominated,Meebits,16615
0x7bd29408f11d2bfc23c34f18275bbf23bb716bc7:18546,2,13,6.7,6.75,2,0x1e30b497a928fc1dee6003137c43d8743f4dcb8c,0xecdca83e1a89b474cac9eb2f442da3d14b760e54,2,100,,,single_pair_dominated,Meebits,18546
0x4e1f41613c9084fdb9e34e11fae9412427480e56:4277,2,1,0.255,0.32,2,0x1fefbbc536e4d6d22e63c7128226569bc9d50b9e,0xc5b8ac5fd14d56cecbf0c9acb6b15dc3715735ea,1,50,,,few_pair_dominated,Terraforms,4277
0x7bd29408f11d2bfc23c34f18275bbf23bb716bc7:10193,2,8,3.95,4.5,2,0x22a4a8a926d8ddb666870aa7d232ca708dd9e5a3,0x9cc4c53164f83887f17756e91dc0b9ef2e183775,1,50,,,few_pair_dominated,Meebits,10193
0x7bd29408f11d2bfc23c34f18275bbf23bb716bc7:12306,2,27,12.5,14,2,0x2306e15d60f6c319fe04b183d2962dcb1f457891,0xef3d9ddf59f3622a04753c61e6c4d596e7fc610d,1,50,,,few_pair_dominated,Meebits,12306
0x7bd29408f11d2bfc23c34f18275bbf23bb716bc7:3176,2,8,3.68,3.88,2,0x36209cad56c31332d575bed3e989c988c2ad8eee,0xaf00c4515f8692974e911080ed9228fcece28164,1,50,medium,concentrated_pair,few_pair_dominated,Meebits,3176
0x4e1f41613c9084fdb9e34e11fae9412427480e56:3201,2,10,4.888,5,2,0x2c07681e81b5f98c615cd2dd807a1b141982914d,0x6b6ae848f555f70944bc99d736fe29fcaecf8b23,2,100,,,single_pair_dominated,Terraforms,3201
0x4e1f41613c9084fdb9e34e11fae9412427480e56:6394,2,10,4.888,5,2,0x2c07681e81b5f98c615cd2dd807a1b141982914d,0x6b6ae848f555f70944bc99d736fe29fcaecf8b23,2,100,,,single_pair_dominated,Terraforms,6394
0x4e1f41613c9084fdb9e34e11fae9412427480e56:3473,2,8,2.7,5,2,0x2c07681e81b5f98c615cd2dd807a1b141982914d,0x6b6ae848f555f70944bc99d736fe29fcaecf8b23,2,100,,,single_pair_dominated,Terraforms,3473
0x4e1f41613c9084fdb9e34e11fae9412427480e56:550,2,1,0.385,0.66,2,0x2d03e6d1001e486d1e58690fc7cb3fe3f87c1149,0xb484659880945aad7ad451a4be1dfd058ee09c94,1,50,,,few_pair_dominated,Terraforms,550
0x7bd29408f11d2bfc23c34f18275bbf23bb716bc7:18005,2,304,150.43,153.5,2,0x2df3360164d914ae83f97530e7f16d292058d53d,0x8a758d10108b19560850b1fd5e45f142c8dd5e5f,2,100,,,single_pair_dominated,Meebits,18005
0x4e1f41613c9084fdb9e34e11fae9412427480e56:9104,2,0,0.17,0.21,2,0x3009ca2cc93c7bafc085b1247e5215b58ead938e,0x4d83beb1ef4d0d7b9068e33cafb157b6fcc77f17,1,50,,,few_pair_dominated,Terraforms,9104
0x4e1f41613c9084fdb9e34e11fae9412427480e56:3442,2,1,0.4,0.8,2,0x62ed600f949560a7960267a4e2a0b763a10e74eb,0xa5eef43ce7eff3d6e0956c10e03e2c027b8dc8e4,1,50,,,few_pair_dominated,Terraforms,3442
0x7bd29408f11d2bfc23c34f18275bbf23bb716bc7:9017,2,41,18,22.75,2,0x304aa04d546750b0af651ecdbaf1aa1ca57e0b58,0x54b174179ae825ed630da40b625bb3c883cd40ae,1,50,,,few_pair_dominated,Meebits,9017
0xff9c1b15b16263c61d017ee9f65c50e4ae0113d7:2593,2,4,2.1,2.15,2,0x31d5248020ff8e35f5cce912e3d8ec446db51b5c,0x4bff9b3ede66c6daf42d6deae4c784c520ce5ac1,1,50,,,few_pair_dominated,Loot,2593
0x7bd29408f11d2bfc23c34f18275bbf23bb716bc7:9711,2,29165,14435,14730,2,0x35d0ca92152d1fea18240d6c67c2adfe0cca287c,0xa99a76dddbb9678bc33f39919bc76d279c680c89,2,100,medium,concentrated_pair,single_pair_dominated,Meebits,9711
0xff9c1b15b16263c61d017ee9f65c50e4ae0113d7:2579,2,30054,14875,15179,2,0x35d0ca92152d1fea18240d6c67c2adfe0cca287c,0xa99a76dddbb9678bc33f39919bc76d279c680c89,2,100,medium,concentrated_pair,single_pair_dominated,Loot,2579
0xff9c1b15b16263c61d017ee9f65c50e4ae0113d7:396,2,29227,14597,14630,2,0x35d0ca92152d1fea18240d6c67c2adfe0cca287c,0xa99a76dddbb9678bc33f39919bc76d279c680c89,2,100,medium,concentrated_pair,single_pair_dominated,Loot,396
0x7bd29408f11d2bfc23c34f18275bbf23bb716bc7:6348,2,13279,25,13254,2,0x35d0ca92152d1fea18240d6c67c2adfe0cca287c,0xa99a76dddbb9678bc33f39919bc76d279c680c89,2,100,medium,concentrated_pair,single_pair_dominated,Meebits,6348
0x7bd29408f11d2bfc23c34f18275bbf23bb716bc7:13292,2,28445,13950,14495,2,0x35d0ca92152d1fea18240d6c67c2adfe0cca287c,0xa99a76dddbb9678bc33f39919bc76d279c680c89,2,100,medium,concentrated_pair,single_pair_dominated,Meebits,13292
0x7bd29408f11d2bfc23c34f18275bbf23bb716bc7:6014,2,29565,14660,14905,2,0x35d0ca92152d1fea18240d6c67c2adfe0cca287c,0xa99a76dddbb9678bc33f39919bc76d279c680c89,2,100,medium,concentrated_pair,single_pair_dominated,Meebits,6014
0x7bd29408f11d2bfc23c34f18275bbf23bb716bc7:4092,2,29278,14078,15200,2,0x35d0ca92152d1fea18240d6c67c2adfe0cca287c,0xa99a76dddbb9678bc33f39919bc76d279c680c89,2,100,medium,concentrated_pair,single_pair_dominated,Meebits,4092
0x7bd29408f11d2bfc23c34f18275bbf23bb716bc7:13840,2,23040,11470,11570,2,0x35d0ca92152d1fea18240d6c67c2adfe0cca287c,0xa99a76dddbb9678bc33f39919bc76d279c680c89,2,100,medium,concentrated_pair,single_pair_dominated,Meebits,13840
0x7bd29408f11d2bfc23c34f18275bbf23bb716bc7:10067,2,11908,20,11888,2,0x35d0ca92152d1fea18240d6c67c2adfe0cca287c,0xa99a76dddbb9678bc33f39919bc76d279c680c89,2,100,medium,concentrated_pair,single_pair_dominated,Meebits,10067
0x7bd29408f11d2bfc23c34f18275bbf23bb716bc7:11427,2,12450,20,12430,2,0x35d0ca92152d1fea18240d6c67c2adfe0cca287c,0xa99a76dddbb9678bc33f39919bc76d279c680c89,2,100,medium,concentrated_pair,single_pair_dominated,Meebits,11427
0x7bd29408f11d2bfc23c34f18275bbf23bb716bc7:17942,2,23830,11910,11920,2,0x35d0ca92152d1fea18240d6c67c2adfe0cca287c,0xa99a76dddbb9678bc33f39919bc76d279c680c89,2,100,medium,concentrated_pair,single_pair_dominated,Meebits,17942
0xff9c1b15b16263c61d017ee9f65c50e4ae0113d7:3425,2,4,1.701,2,2,0x36c1625e5ee6fbfa9fadd4f75790275e5eab7107,0xe2abe2706a8bd68fe8ff82dda198e34c84ee5d76,1,50,,,few_pair_dominated,Loot,3425
0x7bd29408f11d2bfc23c34f18275bbf23bb716bc7:8654,2,50,24.5,25,2,0x38472b3af744a8b866e77b94fc2adfff94c22a07,0xbd8fc01d8f6c2d027b601c9cab32e635bdd47179,2,100,,,single_pair_dominated,Meebits,8654
0x4e1f41613c9084fdb9e34e11fae9412427480e56:6949,2,98,48,50,2,0x39a377af635e6d26a7ed9223f1f0e3099011d775,0x94ef50afac9c04572813f36fb8d676eb400de278,2,100,,,single_pair_dominated,Terraforms,6949
0x7bd29408f11d2bfc23c34f18275bbf23bb716bc7:17805,2,99,49,50,2,0x39fec995c2b9776b2aa22a49f61d45af3f1a2570,0x79d5347e03d4befb92a1374039f1998658d75d1d,2,100,,,single_pair_dominated,Meebits,17805
0x7bd29408f11d2bfc23c34f18275bbf23bb716bc7:5697,2,8,4,4,2,0x3b17e7fe4e53b7f896f0482dcf1f37bad4f1b977,0xcb1f0e2b750f2fd825137185307dd66ff4c6332e,2,100,,,single_pair_dominated,Meebits,5697
0x4e1f41613c9084fdb9e34e11fae9412427480e56:4467,2,1,0.36,1,2,0x3c4d607a550b96021a6dd7557333c5b66b564c95,0xbc1f897566abc66310fd71d74294b97e6e01cc8b,1,50,,,few_pair_dominated,Terraforms,4467
0xff9c1b15b16263c61d017ee9f65c50e4ae0113d7:635,2,4,2,2.1,2,0x3e24e8b238702fe49e58863bdeb7f9b674f47b58,0x67941779e59cefdbc61af9cb047d44c173301795,1,50,,,few_pair_dominated,Loot,635
0x4e1f41613c9084fdb9e34e11fae9412427480e56:4450,2,1,0.35799,0.415,2,0x08003dadc2ca92011acd55eb06ea97ae5f473de9,0x3e48eda421ad37e739904a1e9f2469d0f7f62a28,1,50,,,few_pair_dominated,Terraforms,4450
0x4e1f41613c9084fdb9e34e11fae9412427480e56:6366,2,1,0.3578,0.4234,2,0x3e48eda421ad37e739904a1e9f2469d0f7f62a28,0xffb6d97bd1e7b7bd08595096d15037401a1f416b,1,50,,,few_pair_dominated,Terraforms,6366
0x7bd29408f11d2bfc23c34f18275bbf23bb716bc7:15658,2,18,8.82,9,2,0x40a1e854cf0143b0f3cbf3605c16e5048d14bb53,0x938614792f3d08ccb7b132a37d78232ddcb8e934,2,100,,,single_pair_dominated,Meebits,15658
0x4e1f41613c9084fdb9e34e11fae9412427480e56:5602,2,1,0.3,0.5,2,0x42f24efc977f0f5f276ae488e702e424108a0502,0xeaf814fe9f01372d63581650f25d820f9ac52ea4,2,100,,,single_pair_dominated,Terraforms,5602
0x7bd29408f11d2bfc23c34f18275bbf23bb716bc7:10157,2,5,2.55,2.92,2,0x97b5d56d02c0b97b02346d2eb61a1747b63a72d9,0xa9336f96192140af9a62da3a28b778ee37a785ec,1,50,,,few_pair_dominated,Meebits,10157
0x4e1f41613c9084fdb9e34e11fae9412427480e56:572,2,1,0.392,0.4,2,0x46cb73a78b3d164bb35e39816546be863793e732,0xd49c5a575935eefe7c90461c7c055517264bdd7b,2,100,,,single_pair_dominated,Terraforms,572
0x7bd29408f11d2bfc23c34f18275bbf23bb716bc7:18532,2,190,4.8,185,2,0x4789f41a2174eddb4a1371458e9e0cee48124562,0x534aa5f30805fc864360de06702d439c27fdea41,1,50,,,few_pair_dominated,Meebits,18532
0x4e1f41613c9084fdb9e34e11fae9412427480e56:1872,2,1,0.3599,0.4,2,0x4b2b8a84a76fd56c4845a1a8778f61c20f95e87e,0xf31f7a4d431cd7183b64aeea97365f07f3b2094b,1,50,,,few_pair_dominated,Terraforms,1872
0x4e1f41613c9084fdb9e34e11fae9412427480e56:3251,2,1,0.35,0.36,2,0xb5f77e98181a03a1347e7a1a172737c8674c101a,0xe1bff6fdfa49c7ebb8462c8cf1e397866118c88b,1,50,,,few_pair_dominated,Terraforms,3251
0x7bd29408f11d2bfc23c34f18275bbf23bb716bc7:6167,2,7,3.65,3.77,2,0x7b8f53891d7d06365788002a5550b6f830356758,0x97b5d56d02c0b97b02346d2eb61a1747b63a72d9,1,50,,,few_pair_dominated,Meebits,6167
0x4e1f41613c9084fdb9e34e11fae9412427480e56:6879,2,45,15,30,2,0x53489d5a214e9be12772643c7124997c3d0c4050,0xcdc51b629c3d947ea248221d7cb0519d4bb3d8aa,2,100,,,single_pair_dominated,Terraforms,6879
0x7bd29408f11d2bfc23c34f18275bbf23bb716bc7:16607,2,68,33.5,34.5,2,0x5a4e6153768dca304cc0911bf21e645c6511703f,0x7faba9b7262d0c9bdec720481d861da0dcd7a4d9,2,100,,,single_pair_dominated,Meebits,16607
0x4e1f41613c9084fdb9e34e11fae9412427480e56:174,2,48,10,38,2,0x5eeeb969b965fcf695ce57047a35bb746f1785ac,0xd30f1efbea4f9deb473bd0f56c2c85b1f5e9a611,1,50,,,few_pair_dominated,Terraforms,174
0x7bd29408f11d2bfc23c34f18275bbf23bb716bc7:6069,2,8,3.7,4.3,2,0xb9e3f798aa6f399f83140efac9812c5394320ba6,0xdf991952784cbfa6377d158ad35181503ec72e87,1,50,,,few_pair_dominated,Meebits,6069
0x4e1f41613c9084fdb9e34e11fae9412427480e56:1808,2,1,0.3798,0.57,2,0x644bd3f3a92acea4e2e65f1d5f2b3978ce3f45fa,0xd630319b817528b4abf1f06f1499cad237fcfdfa,1,50,,,few_pair_dominated,Terraforms,1808
0x4e1f41613c9084fdb9e34e11fae9412427480e56:6730,2,996,12.5,983.21,2,0x676f8498cea894049a23bc0302acbb0d0aaad1f5,0xe51811009590608be1fa126132e5ceb1168cd862,1,50,,,few_pair_dominated,Terraforms,6730
0x7bd29408f11d2bfc23c34f18275bbf23bb716bc7:16993,2,8,3.98,4.1,2,0x4af4d2c619fc7e6f520d9321d3f81ecd3d4baf18,0xec1c5f91ff6ca0351d0be13c88b5d9553ebc03a6,1,50,,,few_pair_dominated,Meebits,16993
0x7bd29408f11d2bfc23c34f18275bbf23bb716bc7:1096,2,15,7.35,7.5,2,0x6e8ef7340dd5cc113a80d8edb5c99c9759917425,0xe1764fa0f966a42e5fbfa7cc4536fcdcc53ad68a,2,100,,,single_pair_dominated,Meebits,1096
0x4e1f41613c9084fdb9e34e11fae9412427480e56:8438,2,2,1,1,2,0xb7a15270f57e6a365c1b261effe21dcaedb12bce,0xefa4c696ea2505ec038c9ddc849b1bf817d7f69d,1,50,,,few_pair_dominated,Terraforms,8438
0x7bd29408f11d2bfc23c34f18275bbf23bb716bc7:5880,2,8,3.8,3.99,2,0x6ffe90a6b0e6ed5398e5ae58367e20fd2e26cbf8,0x97b5d56d02c0b97b02346d2eb61a1747b63a72d9,1,50,,,few_pair_dominated,Meebits,5880
0x7bd29408f11d2bfc23c34f18275bbf23bb716bc7:16737,2,8,3.7,3.85,2,0x884991966dee1efcb573b95dd4e4ff662186d264,0x97b5d56d02c0b97b02346d2eb61a1747b63a72d9,1,50,,,few_pair_dominated,Meebits,16737
0x7bd29408f11d2bfc23c34f18275bbf23bb716bc7:8595,2,7,3.65,3.8,2,0x71a3ac6a29bb183ad6a174a2fdd7770228c3e9cb,0x97b5d56d02c0b97b02346d2eb61a1747b63a72d9,1,50,,,few_pair_dominated,Meebits,8595
0x4e1f41613c9084fdb9e34e11fae9412427480e56:3861,2,250,125,125,2,0x73ac7948841c03120d577cec97704aee2bc79e13,0xc7bd798519b38f4d9f424f8764424c54f653c38a,2,100,,,single_pair_dominated,Terraforms,3861
0x7bd29408f11d2bfc23c34f18275bbf23bb716bc7:444,2,14,3.65,10,2,0x97b5d56d02c0b97b02346d2eb61a1747b63a72d9,0xf3ff9e8377d7fbf910fc2a9d10e0bc69a1647dca,1,50,,,few_pair_dominated,Meebits,444
0x7bd29408f11d2bfc23c34f18275bbf23bb716bc7:7793,2,6,2.86,3.1,2,0xa9336f96192140af9a62da3a28b778ee37a785ec,0xd86e3031447a197cd24e80bf3913c63bd1021451,1,50,,,few_pair_dominated,Meebits,7793
0x4e1f41613c9084fdb9e34e11fae9412427480e56:2776,2,1,0.3188,0.374,2,0x4045b80d2a2ba793c2cb3a9b7a9d46640868ee25,0x777a877e792aa9bd0d8c662a0cee3627f614f849,1,50,,,few_pair_dominated,Terraforms,2776
0x4e1f41613c9084fdb9e34e11fae9412427480e56:4466,2,63,3,60,2,0x77d7cf9af4ad56c5c33088ea78a5287fc95c37a9,0xda6ad74619e62503c4cbefbe02ae05c8f4314591,2,100,,,single_pair_dominated,Terraforms,4466
0x7bd29408f11d2bfc23c34f18275bbf23bb716bc7:10284,2,40,19.6,20,2,0x79376f39956d640aaa5eb9acfb5a7f6cca048e96,0xc9d854725e19936c88b8813ec629f269884be47b,2,100,,,single_pair_dominated,Meebits,10284
0x7bd29408f11d2bfc23c34f18275bbf23bb716bc7:11436,2,8,3.6,3.96,2,0x82b1f29c5608238df2618f996827933c0d844079,0xa90c70882fc63ac514be15743a13595cb39f767d,1,50,,,few_pair_dominated,Meebits,11436
0x7bd29408f11d2bfc23c34f18275bbf23bb716bc7:11780,2,7,3.45,4,2,0x97b5d56d02c0b97b02346d2eb61a1747b63a72d9,0xba29349647808acffcd4695a327fab1398259962,1,50,,,few_pair_dominated,Meebits,11780
0x7bd29408f11d2bfc23c34f18275bbf23bb716bc7:13623,2,7,3.62,3.699,2,0xc310c8f508576fff96e282406b5d23e5c81a78fa,0xe852c2189316ec5eee9f36272962ade430f38531,1,50,,,few_pair_dominated,Meebits,13623
0x4e1f41613c9084fdb9e34e11fae9412427480e56:8171,2,1,0.34,0.345,2,0x1fefbbc536e4d6d22e63c7128226569bc9d50b9e,0x97cfdade0216433df7dd4a1ea324ea65fa31f6f3,1,50,,,few_pair_dominated,Terraforms,8171
0xff9c1b15b16263c61d017ee9f65c50e4ae0113d7:4429,2,24,12,12,2,0x80a03dbf383c6fdd96fb95d1a24d63c7b6d02b08,0xd982bdced6ed2216bf9e8f201abdd2a4b12b80a1,2,100,,,single_pair_dominated,Loot,4429
0xff9c1b15b16263c61d017ee9f65c50e4ae0113d7:1089,2,28,3,25,2,0x81741b78b50788ce8be28e2cac2ceaa8207292c5,0xbce3bd3b206946abbe094903ae2b4244b52fb4e9,2,100,,,single_pair_dominated,Loot,1089
0xff9c1b15b16263c61d017ee9f65c50e4ae0113d7:4759,2,30,5,25,2,0x81741b78b50788ce8be28e2cac2ceaa8207292c5,0xbce3bd3b206946abbe094903ae2b4244b52fb4e9,2,100,,,single_pair_dominated,Loot,4759
0x4e1f41613c9084fdb9e34e11fae9412427480e56:5123,2,1,0.28,0.37,2,0x6cdf5a8c59326dcbb84f9255e9f2d36bb56443e7,0xd0cf6daf72c2370cead9e6d8ef61615e1c89b2be,1,50,,,few_pair_dominated,Terraforms,5123
0x4e1f41613c9084fdb9e34e11fae9412427480e56:8271,2,92,40,51.7,2,0x8824624faada1352833f6f2d8e9c23a79b41bf87,0xb84f6da1b9accee009bdaba61573179b666b0d1a,2,100,none,inventory_shuffle_review,single_pair_dominated,Terraforms,8271
0x4e1f41613c9084fdb9e34e11fae9412427480e56:2130,2,132,55,76.832,2,0x8824624faada1352833f6f2d8e9c23a79b41bf87,0xb84f6da1b9accee009bdaba61573179b666b0d1a,2,100,none,inventory_shuffle_review,single_pair_dominated,Terraforms,2130
0x4e1f41613c9084fdb9e34e11fae9412427480e56:2055,2,93,40,52.8,2,0x8824624faada1352833f6f2d8e9c23a79b41bf87,0xb84f6da1b9accee009bdaba61573179b666b0d1a,2,100,none,inventory_shuffle_review,single_pair_dominated,Terraforms,2055
0x4e1f41613c9084fdb9e34e11fae9412427480e56:2129,2,91,40,50.6,2,0x8824624faada1352833f6f2d8e9c23a79b41bf87,0xb84f6da1b9accee009bdaba61573179b666b0d1a,2,100,none,inventory_shuffle_review,single_pair_dominated,Terraforms,2129
0x4e1f41613c9084fdb9e34e11fae9412427480e56:2100,2,87,40,47,2,0x8824624faada1352833f6f2d8e9c23a79b41bf87,0xb84f6da1b9accee009bdaba61573179b666b0d1a,2,100,none,inventory_shuffle_review,single_pair_dominated,Terraforms,2100
0x4e1f41613c9084fdb9e34e11fae9412427480e56:2093,2,79,39.2,40,2,0x8824624faada1352833f6f2d8e9c23a79b41bf87,0xb84f6da1b9accee009bdaba61573179b666b0d1a,2,100,none,inventory_shuffle_review,single_pair_dominated,Terraforms,2093
0x7bd29408f11d2bfc23c34f18275bbf23bb716bc7:13090,2,79,30,49,2,0x8824624faada1352833f6f2d8e9c23a79b41bf87,0xee664d1b64927199bd0eed43293463a41f2883ca,1,50,none,inventory_shuffle_review,few_pair_dominated,Meebits,13090
0x7bd29408f11d2bfc23c34f18275bbf23bb716bc7:4602,2,7,3.1,3.55,2,0x8f0c509d4706c85be68ac70535b90ad256f5f027,0x97b5d56d02c0b97b02346d2eb61a1747b63a72d9,1,50,,,few_pair_dominated,Meebits,4602
0xff9c1b15b16263c61d017ee9f65c50e4ae0113d7:4985,2,915,430,485,2,0x902e77345b7baf9aba47c4febdb210406995a88d,0xe6410ecbaa041a5dcde79164ca66de42a8d72bee,2,100,medium,concentrated_pair,single_pair_dominated,Loot,4985
0x7bd29408f11d2bfc23c34f18275bbf23bb716bc7:4814,2,12,6,6.01,2,0x957291eae3d53b5a7c0a6bf2c0f08de5d87b14f6,0xc13ce81feab5fc3d0fc636e1d6c0405010381e5f,1,50,,,few_pair_dominated,Meebits,4814
0x7bd29408f11d2bfc23c34f18275bbf23bb716bc7:720,2,7,3.36,3.6,2,0x463caebf339d4d61cc633b9e1bca7df17c8a83a8,0x97b5d56d02c0b97b02346d2eb61a1747b63a72d9,1,50,,,few_pair_dominated,Meebits,720
0x7bd29408f11d2bfc23c34f18275bbf23bb716bc7:6315,2,8,3.6,4.09,2,0x97b5d56d02c0b97b02346d2eb61a1747b63a72d9,0xf0894a655645204db50d1d0f0b3d38011f9cfa16,1,50,,,few_pair_dominated,Meebits,6315
0x4e1f41613c9084fdb9e34e11fae9412427480e56:683,2,1,0.33,1.1,2,0x9b4ce62b5b091bc3411aa1e4a43fad6a5e8ddf2f,0xbf8090eab036022b7e0c77d9e34793f1b756d94b,1,50,,,few_pair_dominated,Terraforms,683
0xff9c1b15b16263c61d017ee9f65c50e4ae0113d7:1859,2,3,1,2.2,2,0xa7758b30e93d2ed6cea7c85e5b12a1d46f0f091f,0xed6ebc3489f13e35a25234810c70944ab4681d42,1,50,,,few_pair_dominated,Loot,1859
0x4e1f41613c9084fdb9e34e11fae9412427480e56:7067,2,1,0.252,0.35,2,0x1fafef2c8d8cf8e9a2e6ec8558c280b7b5812678,0xca3e2c29fe71b74b4c68ec2c342b68318b6a34f2,1,50,,,few_pair_dominated,Terraforms,7067
0xff9c1b15b16263c61d017ee9f65c50e4ae0113d7:1007,2,19,9,9.8,2,0xa12002eab621dbd62938450785a407d6cf5ca0a3,0xa7d9f4fd84cdd4bee564adc1b18e3e8aa79d25f1,2,100,,,single_pair_dominated,Loot,1007
0xff9c1b15b16263c61d017ee9f65c50e4ae0113d7:4372,2,2362,852,1510,2,0xa357f162fe9c383edeee81fbc905c4bc7fca166f,0xe7e8b3777884b5b088453d0093f844ddff9cfd8d,2,100,medium,concentrated_pair,single_pair_dominated,Loot,4372
0x7bd29408f11d2bfc23c34f18275bbf23bb716bc7:2745,2,28,13.5,14,2,0xa43a5b75dcedf465be4989cce3a854dde3d3a403,0xee824c184fd58532e1d7f467c975f343cbdd75a5,2,100,,,single_pair_dominated,Meebits,2745
0xff9c1b15b16263c61d017ee9f65c50e4ae0113d7:1799,2,2732,1352,1380,2,0xa99a76dddbb9678bc33f39919bc76d279c680c89,0xd8c6c3d184d434e6420a93848d42cbdbcda2c6f5,2,100,medium,concentrated_pair,single_pair_dominated,Loot,1799
0xff9c1b15b16263c61d017ee9f65c50e4ae0113d7:3460,2,6573,3253,3320,2,0xa99a76dddbb9678bc33f39919bc76d279c680c89,0xd8c6c3d184d434e6420a93848d42cbdbcda2c6f5,2,100,medium,concentrated_pair,single_pair_dominated,Loot,3460
0xff9c1b15b16263c61d017ee9f65c50e4ae0113d7:311,2,18185,9000,9185,2,0xa99a76dddbb9678bc33f39919bc76d279c680c89,0xd8c6c3d184d434e6420a93848d42cbdbcda2c6f5,2,100,medium,concentrated_pair,single_pair_dominated,Loot,311
0x7bd29408f11d2bfc23c34f18275bbf23bb716bc7:11898,2,9,4,4.8,2,0xb35158dbc95b058b272d9082d2106ae79d6d6e24,0xe0d3dca8cd7b765932d07b15c80024b0c64168d5,1,50,,,few_pair_dominated,Meebits,11898
0x4e1f41613c9084fdb9e34e11fae9412427480e56:1904,2,2000,1000,1000,2,0xb81a0e6c38c3fec8a171cfe9631f60127a0c5bfd,0xe90cfbb6dcb77ecadadb9ccee5d96821400a03ba,2,100,,,single_pair_dominated,Terraforms,1904
0x4e1f41613c9084fdb9e34e11fae9412427480e56:3520,2,35,16.5,18,2,0xb84580a14e42c74efa1213ab2fb9f98da33452ee,0xcbe368f2a6f2ec81adbcb6a9c491c686f134767d,2,100,,,single_pair_dominated,Terraforms,3520
0xff9c1b15b16263c61d017ee9f65c50e4ae0113d7:2430,2,202,2.1,200,2,0xba818e7f6b208f5a4f7cf282a9248d221144e4e5,0xd6805201a2b1d697a56238e639e6a1d969199d3f,2,100,,,single_pair_dominated,Loot,2430
0x4e1f41613c9084fdb9e34e11fae9412427480e56:8562,2,1,0.26,0.45,2,0xbcb8aafb0d34562b7028c9b7f35d21d6c3c194e4,0xbf8090eab036022b7e0c77d9e34793f1b756d94b,1,50,,,few_pair_dominated,Terraforms,8562
0xff9c1b15b16263c61d017ee9f65c50e4ae0113d7:7268,2,750,370,380,2,0xc381f01053f31a67020a9a5c3ec72b075dca8712,0xe161878fc3d8faafd890e67cccaa1ed0344d40c6,2,100,,,single_pair_dominated,Loot,7268
0x4e1f41613c9084fdb9e34e11fae9412427480e56:4080,2,45,15,30,2,0x53489d5a214e9be12772643c7124997c3d0c4050,0xcdc51b629c3d947ea248221d7cb0519d4bb3d8aa,2,100,,,single_pair_dominated,Terraforms,4080
0x7bd29408f11d2bfc23c34f18275bbf23bb716bc7:11946,2,8,3.61,3.98,2,0x2d368d6a84b791d634e6f9f81908d884849fd43d,0xe852c2189316ec5eee9f36272962ade430f38531,1,50,,,few_pair_dominated,Meebits,11946
0x7bd29408f11d2bfc23c34f18275bbf23bb716bc7:16761,2,17,8,9,2,0xd3e2e76e4ab0322614fe7aaa3be0b04bed83d0d0,0xd44e9b676e74ae45c0a39150be771eb189bb2337,2,100,,,single_pair_dominated,Meebits,16761
0x7bd29408f11d2bfc23c34f18275bbf23bb716bc7:9723,2,18,7,11,2,0xd3e2e76e4ab0322614fe7aaa3be0b04bed83d0d0,0xd44e9b676e74ae45c0a39150be771eb189bb2337,2,100,,,single_pair_dominated,Meebits,9723
0xff9c1b15b16263c61d017ee9f65c50e4ae0113d7:1463,1,2,1.701,1.701,1,0x0159dfc1c745dc4b10d42d2592335120f1f2d778,0x2bb68c26e75b01d2cbb9b1d71432fc53c4c80350,1,100,,,single_pair_dominated,Loot,1463
0x4e1f41613c9084fdb9e34e11fae9412427480e56:8693,1,1,0.5,0.5,1,0x01d6481a0683e458ba8a764cb97cf1a1819908b1,0xe809c867738d56b0c83f85b960450652817e6975,1,100,,,single_pair_dominated,Terraforms,8693
0x4e1f41613c9084fdb9e34e11fae9412427480e56:9299,1,1,0.5,0.5,1,0x02535f81854b731a185a765286f7196c6c2b63a4,0x253810a74b7ce4e007d11cb55bf95097fb875ac7,1,100,,,single_pair_dominated,Terraforms,9299
0x4e1f41613c9084fdb9e34e11fae9412427480e56:3422,1,1,0.5,0.5,1,0x02a5c980029cb470ac89df2e2de1cf453aee6558,0x174a62b0bac061e0f12a4257fd3cf89067513565,1,100,,,single_pair_dominated,Terraforms,3422
0x4e1f41613c9084fdb9e34e11fae9412427480e56:8489,1,1,0.8,0.8,1,0x0504f1324db3cb401f9646dd70ae9ece71a80074,0x71f1494c6873a267cd344f1da722f6ee1c3f3f88,1,100,,,single_pair_dominated,Terraforms,8489
0x7bd29408f11d2bfc23c34f18275bbf23bb716bc7:7370,1,8,8,8,1,0x056ae0af53895bf0064825b332425abbdcde249c,0xd977e4a3cf0e5bc9476ea2ed2192eea15e13f223,1,100,,,single_pair_dominated,Meebits,7370
0xff9c1b15b16263c61d017ee9f65c50e4ae0113d7:4860,1,2,2.088,2.088,1,0x077dbad02c2f5b965758dfc78c1561ba96548bc6,0x3199a37ff1411acf56869b80de66b442572e71b2,1,100,,,single_pair_dominated,Loot,4860
0xff9c1b15b16263c61d017ee9f65c50e4ae0113d7:1568,1,2,2.088,2.088,1,0x077dbad02c2f5b965758dfc78c1561ba96548bc6,0x343c80183e14183024d3a2c822612b78c94ed2d9,1,100,,,single_pair_dominated,Loot,1568
0xff9c1b15b16263c61d017ee9f65c50e4ae0113d7:5352,1,2,2.244,2.244,1,0x077dbad02c2f5b965758dfc78c1561ba96548bc6,0x67941779e59cefdbc61af9cb047d44c173301795,1,100,,,single_pair_dominated,Loot,5352
0x7bd29408f11d2bfc23c34f18275bbf23bb716bc7:2579,1,5,5.25,5.25,1,0x07cbd4e4473140b6078aa987907aaff5e500b9f1,0x6507db73d6ade38af8467eb5ab445f224cedaf38,1,100,,,single_pair_dominated,Meebits,2579
0x7bd29408f11d2bfc23c34f18275bbf23bb716bc7:9026,1,4,3.75,3.75,1,0x08ceb8bba685ee708c9c4c65576837cbe19b9dea,0x97b5d56d02c0b97b02346d2eb61a1747b63a72d9,1,100,,,single_pair_dominated,Meebits,9026
0x7bd29408f11d2bfc23c34f18275bbf23bb716bc7:11376,1,3,3.25,3.25,1,0x09239d8e60e6e15fe8ce75b8a1161badd977e40c,0x97b5d56d02c0b97b02346d2eb61a1747b63a72d9,1,100,,,single_pair_dominated,Meebits,11376
0x7bd29408f11d2bfc23c34f18275bbf23bb716bc7:2944,1,5,4.5,4.5,1,0x0a8c2ee08760251705f5aaf7bb0e7b490029bc27,0xb6cb30c7ed898fdaad80b449b99863b3f5ac3c20,1,100,,,single_pair_dominated,Meebits,2944
0x7bd29408f11d2bfc23c34f18275bbf23bb716bc7:14883,1,4,3.75,3.75,1,0x0bf7d9c77007ccce61789e8d650b838db83d8e77,0x97b5d56d02c0b97b02346d2eb61a1747b63a72d9,1,100,,,single_pair_dominated,Meebits,14883
0x7bd29408f11d2bfc23c34f18275bbf23bb716bc7:15287,1,3,2.56,2.56,1,0x0d9cc5cd7ff15271aef798ce1c5a679cbd42ca94,0xd86e3031447a197cd24e80bf3913c63bd1021451,1,100,,,single_pair_dominated,Meebits,15287
0x7bd29408f11d2bfc23c34f18275bbf23bb716bc7:7202,1,4,3.6,3.6,1,0x10074c3c861cec3799e699ad4fbff4158924720b,0x6487892dff909617b6fae370408c978e3b9630c5,1,100,,,single_pair_dominated,Meebits,7202
0x7bd29408f11d2bfc23c34f18275bbf23bb716bc7:15974,1,4,3.8,3.8,1,0x10074c3c861cec3799e699ad4fbff4158924720b,0xdf991952784cbfa6377d158ad35181503ec72e87,1,100,,,single_pair_dominated,Meebits,15974
0x7bd29408f11d2bfc23c34f18275bbf23bb716bc7:3626,1,8,8,8,1,0x11c399b79c138397685d0177750331fd99e9e93c,0xaf8f0ab861918d2281787913c6905c77ac882ab0,1,100,,,single_pair_dominated,Meebits,3626
0x4e1f41613c9084fdb9e34e11fae9412427480e56:7258,1,0,0.35,0.35,1,0x134f06a09dd9a16b3597810c3990b28447017f49,0x1fefbbc536e4d6d22e63c7128226569bc9d50b9e,1,100,,,single_pair_dominated,Terraforms,7258
0x4e1f41613c9084fdb9e34e11fae9412427480e56:5104,1,5,5,5,1,0x138a581b2ca20a72b705d88c1cd722d34cb88e2b,0x44ce90c12219ac5749ddc76d3ae807444b13fea0,1,100,,,single_pair_dominated,Terraforms,5104
0x7bd29408f11d2bfc23c34f18275bbf23bb716bc7:19090,1,4,3.5,3.5,1,0x1496a57169889f697819905027d29349009e6239,0x97b5d56d02c0b97b02346d2eb61a1747b63a72d9,1,100,,,single_pair_dominated,Meebits,19090
0x7bd29408f11d2bfc23c34f18275bbf23bb716bc7:969,1,4,4,4,1,0x161f7c6f76ce2b07c1433e52e2695d3a5c59202e,0x48aabab1e5224540dfd31e48ded0ba6725185c93,1,100,,,single_pair_dominated,Meebits,969
0x7bd29408f11d2bfc23c34f18275bbf23bb716bc7:10018,1,4,4.33,4.33,1,0x1633278edfb0461bb4220788097b79f0ba265451,0x76105f0612ec19ce5d0f4b1e53483f33745d1fff,1,100,,,single_pair_dominated,Meebits,10018
0x4e1f41613c9084fdb9e34e11fae9412427480e56:1000,1,1,1,1,1,0x113d754ff2e6ca9fd6ab51932493e4f9dabdf596,0x16c1c28f2ae067dc21e970cbec68aa757f7bfd89,1,100,,,single_pair_dominated,Terraforms,1000
0x7bd29408f11d2bfc23c34f18275bbf23bb716bc7:12581,1,4,4.35,4.35,1,0x18216fb0b1f8fa9073e3a50234d23db2b7c994db,0x51e750b78b744bf18271051d6428e6d281671976,1,100,,,single_pair_dominated,Meebits,12581
0x4e1f41613c9084fdb9e34e11fae9412427480e56:811,1,9,9.4,9.4,1,0x1b60476d782084a258a17a4e1b0701aa1481caf3,0x335797d5686fdb16d731a224ca6d39faa9f02b2e,1,100,,,single_pair_dominated,Terraforms,811
0x4e1f41613c9084fdb9e34e11fae9412427480e56:5360,1,91,91,91,1,0x1daa36ce317b704b2a26c02af90a02aa572dc49a,0x75d415edcb3c3782e5952470821e983f9053a209,1,100,,,single_pair_dominated,Terraforms,5360
0x4e1f41613c9084fdb9e34e11fae9412427480e56:5408,1,89,89,89,1,0x1daa36ce317b704b2a26c02af90a02aa572dc49a,0x75d415edcb3c3782e5952470821e983f9053a209,1,100,,,single_pair_dominated,Terraforms,5408
0x7bd29408f11d2bfc23c34f18275bbf23bb716bc7:19613,1,4,3.75,3.75,1,0x1e36a3a437d6dcaf052a52848eec5e012934695b,0x97b5d56d02c0b97b02346d2eb61a1747b63a72d9,1,100,,,single_pair_dominated,Meebits,19613
0x7bd29408f11d2bfc23c34f18275bbf23bb716bc7:12988,1,5,4.5,4.5,1,0x1fcad1c9b72ad5d8ac5031bfc61dc6b6e2dfaef5,0x61a4fc9028048e562b2a49d8dccf2378b644df03,1,100,,,single_pair_dominated,Meebits,12988
0x4e1f41613c9084fdb9e34e11fae9412427480e56:4992,1,1,0.72,0.72,1,0x1fecc6d7dbf785d970b56fe2c6d0a91b25a5552d,0xf480935955d38a332cf40c65add722d46b922462,1,100,,,single_pair_dominated,Terraforms,4992
0x7bd29408f11d2bfc23c34f18275bbf23bb716bc7:6136,1,4,3.69,3.69,1,0x2135439503ef9b08091bc0cc5e2e64cfb90feb8d,0x55af614bb9d2e9c412d614be8901553b9c6156c7,1,100,,,single_pair_dominated,Meebits,6136
0x4e1f41613c9084fdb9e34e11fae9412427480e56:6013,1,0,0.36,0.36,1,0x224f590a8b58f83bd2673348d6ac75a7b27f9b54,0x987539bd96c82c0c06d031b6033bf5ec505f583c,1,100,,,single_pair_dominated,Terraforms,6013
0x7bd29408f11d2bfc23c34f18275bbf23bb716bc7:2097,1,4,4.19,4.19,1,0x22c41c034cba2a0b71eb5ab560b0cfce3ac0c601,0xe65270207ea44f8f1c5f2721f8548d1472860aa1,1,100,,,single_pair_dominated,Meebits,2097
0x4e1f41613c9084fdb9e34e11fae9412427480e56:7917,1,0,0.36,0.36,1,0x23786758db45546bf38b73e31f9c8f29d79b9618,0xc1550078470ba620f6cdbc62967a18926efc74e5,1,100,,,single_pair_dominated,Terraforms,7917
0x7bd29408f11d2bfc23c34f18275bbf23bb716bc7:18929,1,4,4,4,1,0x239eec9ec218f71cef5cc14d88b142ed4ff44110,0xef3d9ddf59f3622a04753c61e6c4d596e7fc610d,1,100,,,single_pair_dominated,Meebits,18929
0x4e1f41613c9084fdb9e34e11fae9412427480e56:4305,1,1,0.6,0.6,1,0x23b65a3239a08365c91f13d1ef7d339ecd256b2f,0x808a023b72260170c95d831f589a1ae0dca1e43e,1,100,,,single_pair_dominated,Terraforms,4305
0x4e1f41613c9084fdb9e34e11fae9412427480e56:6598,1,0,0.4,0.4,1,0x2479493e18cb729e940443a5589c358cef835647,0xd58518b059895d0628f065f42d2d90d37f347f1a,1,100,,,single_pair_dominated,Terraforms,6598
0xff9c1b15b16263c61d017ee9f65c50e4ae0113d7:7204,1,22,22,22,1,0x27824f56bb0e722bde0a6b1b28dfb2fe9d4285ca,0xc2ce1ecbcc7f95a8f2a42dcd171e359fd52303ef,1,100,,,single_pair_dominated,Loot,7204
0x4e1f41613c9084fdb9e34e11fae9412427480e56:4118,1,0,0.45,0.45,1,0x2df7f8dc479caa0beb8e1a4725d80acd4e1b86f7,0x7d5d3554d3aa450e6c65ac4fda376aee13e1293e,1,100,,,single_pair_dominated,Terraforms,4118
0x4e1f41613c9084fdb9e34e11fae9412427480e56:7619,1,0,0.39,0.39,1,0x2df7f8dc479caa0beb8e1a4725d80acd4e1b86f7,0x7e9afa3c28916f1d84f55bcdc30c63ad9a19ce0e,1,100,,,single_pair_dominated,Terraforms,7619
0xff9c1b15b16263c61d017ee9f65c50e4ae0113d7:1919,1,10,10,10,1,0x2e5e227280b1d5ee28500a9000296c112dc8efc5,0x7499d1c29caf9c7235315ad635011d672043b26e,1,100,,,single_pair_dominated,Loot,1919
0x7bd29408f11d2bfc23c34f18275bbf23bb716bc7:10208,1,5,4.5,4.5,1,0x025cd880b4730f4fe8337cf6fdcefe3bb9fe7d8a,0x2f700deed41639e1ae24d193f7d67453c4002ee3,1,100,,,single_pair_dominated,Meebits,10208
0x7bd29408f11d2bfc23c34f18275bbf23bb716bc7:19020,1,4,3.8,3.8,1,0x2fc8f3b6f001b9082f0253ac7d6d905db06b13cd,0x97b5d56d02c0b97b02346d2eb61a1747b63a72d9,1,100,,,single_pair_dominated,Meebits,19020
0x4e1f41613c9084fdb9e34e11fae9412427480e56:6733,1,0,0.375,0.375,1,0x00189ac6bd9069d4d5ff1a1f68d55ca8e17968d9,0x3071c143edb980de8dc39b56201d23f8783833e5,1,100,,,single_pair_dominated,Terraforms,6733
0x4e1f41613c9084fdb9e34e11fae9412427480e56:7310,1,0,0.36,0.36,1,0x311d7dc9f92fcbff3ffefdd9da1ae51caff3967f,0xd79b812c8570508c04faba959e5fbb19230a6de2,1,100,,,single_pair_dominated,Terraforms,7310
0x4e1f41613c9084fdb9e34e11fae9412427480e56:8955,1,1,0.75,0.75,1,0x332dfeb61b8c89251373f7d5e0c0cd369eb504fd,0xc3ed8cebad6d659a1a0f84ed11870d5dbdda5a31,1,100,,,single_pair_dominated,Terraforms,8955
0x4e1f41613c9084fdb9e34e11fae9412427480e56:2165,1,1,0.95,0.95,1,0x2479493e18cb729e940443a5589c358cef835647,0x345b652372cac5a4cff9f231161d792390af49ed,1,100,,,single_pair_dominated,Terraforms,2165
0x4e1f41613c9084fdb9e34e11fae9412427480e56:5837,1,1,0.8,0.8,1,0x345b652372cac5a4cff9f231161d792390af49ed,0xa86f87983ab8300dfca4478a3bbb6814a628ca14,1,100,,,single_pair_dominated,Terraforms,5837
0x4e1f41613c9084fdb9e34e11fae9412427480e56:5288,1,0,0.35,0.35,1,0x38e441033c40c99a878b5058af7ec45ff4b50198,0x44167790aa6c787fffee17aba51bf55b46c38d06,1,100,,,single_pair_dominated,Terraforms,5288
0x4e1f41613c9084fdb9e34e11fae9412427480e56:3789,1,0,0.35,0.35,1,0x38e441033c40c99a878b5058af7ec45ff4b50198,0x44167790aa6c787fffee17aba51bf55b46c38d06,1,100,,,single_pair_dominated,Terraforms,3789
0x4e1f41613c9084fdb9e34e11fae9412427480e56:3791,1,0,0.35,0.35,1,0x38e441033c40c99a878b5058af7ec45ff4b50198,0xe312e532be2a669e58c84f6b6b92fa7198f3da24,1,100,,,single_pair_dominated,Terraforms,3791
0x4e1f41613c9084fdb9e34e11fae9412427480e56:3709,1,0,0.23,0.23,1,0x14e163cbcd2ff53d9f554f1161aa5977e1e03720,0x3976ecd90defcd14e1f69468fbc7588441531bf6,1,100,,,single_pair_dominated,Terraforms,3709
0x4e1f41613c9084fdb9e34e11fae9412427480e56:7015,1,0,0.49,0.49,1,0x3b35cd0f2baa0f59084649d68155e93f438fe32f,0xa19801bbb26c0412875876fdfc1ea63c45ca8187,1,100,,,single_pair_dominated,Terraforms,7015
0x4e1f41613c9084fdb9e34e11fae9412427480e56:8162,1,1,1,1,1,0x1e4b20a0b398d979aa1b74a5aa8836a2cbd19c9b,0x3e8ddc997c46eb655ac6edc75e4599f46fb2793b,1,100,,,single_pair_dominated,Terraforms,8162
0x7bd29408f11d2bfc23c34f18275bbf23bb716bc7:16600,1,4,3.6102,3.6102,1,0x3ed2079c9ed7228fe2ab1b64af6136a8994319e7,0xa90c70882fc63ac514be15743a13595cb39f767d,1,100,,,single_pair_dominated,Meebits,16600
0x7bd29408f11d2bfc23c34f18275bbf23bb716bc7:12506,1,4,4,4,1,0x4059f3c0064cd380276de8dbab6935005535eed6,0x7b3c14d0c232c31281d9a59c88b5bb2535cf149b,1,100,,,single_pair_dominated,Meebits,12506
0x7bd29408f11d2bfc23c34f18275bbf23bb716bc7:17823,1,3,3.455,3.455,1,0x41a9a334e3c22cd990d61f553a64e8c93ac515f9,0x9f65a3a3cb9420a2e06cb4bd75d439fecf7869e2,1,100,,,single_pair_dominated,Meebits,17823
0x7bd29408f11d2bfc23c34f18275bbf23bb716bc7:15668,1,4,3.51,3.51,1,0x41a9a334e3c22cd990d61f553a64e8c93ac515f9,0xdaa8a78089ef0098a14af2148a8768cf7d104640,1,100,,,single_pair_dominated,Meebits,15668
0x4e1f41613c9084fdb9e34e11fae9412427480e56:7375,1,0,0.32,0.32,1,0x231b466a99f8b3dfaee331f2c4ea16324bb1b94b,0x42f804d69299cfa0b43540ffd09cfc78987df2c2,1,100,,,single_pair_dominated,Terraforms,7375
0x7bd29408f11d2bfc23c34f18275bbf23bb716bc7:3254,1,10,10,10,1,0x457c6bf2f3ae06906897489ec1358f4aef55caf9,0xcb8172da4bf02e759f8c98acda2fa01b83bf1057,1,100,,,single_pair_dominated,Meebits,3254
0x4e1f41613c9084fdb9e34e11fae9412427480e56:6882,1,0,0.28,0.28,1,0x4642efbe2c850bccc9d8a1da03f21d9124b56ef1,0xbf8090eab036022b7e0c77d9e34793f1b756d94b,1,100,,,single_pair_dominated,Terraforms,6882
0x7bd29408f11d2bfc23c34f18275bbf23bb716bc7:6989,1,25,25,25,1,0x485f1c06a29b78093a9d350ae92aa70b70d4cf11,0xe3dbc37f19c9496c81c6e19d656029a607193cf8,1,100,,,single_pair_dominated,Meebits,6989
0x4e1f41613c9084fdb9e34e11fae9412427480e56:8622,1,0,0.36,0.36,1,0x0478d9f7488d6d7f1cef38bd772809ad75c396d9,0x48897c806b7db8dcffbc4ac323853999d883a3d5,1,100,,,single_pair_dominated,Terraforms,8622
0x7bd29408f11d2bfc23c34f18275bbf23bb716bc7:1701,1,4,3.65,3.65,1,0x493a401122d858324517c5ec95145dc970c2c363,0x6b6ae848f555f70944bc99d736fe29fcaecf8b23,1,100,,,single_pair_dominated,Meebits,1701
0x4e1f41613c9084fdb9e34e11fae9412427480e56:8501,1,1,0.52,0.52,1,0x23d0ce4aae170478d5ac13e0dda7872554893789,0x4ad80d2f6bb94e5ce9bf4e7e0df81368a6c4a25d,1,100,,,single_pair_dominated,Terraforms,8501
0xff9c1b15b16263c61d017ee9f65c50e4ae0113d7:5748,1,2,2.1,2.1,1,0x4bff9b3ede66c6daf42d6deae4c784c520ce5ac1,0x5c3c8d61aa8555dddcf85f10a792056bd1bbdfc9,1,100,,,single_pair_dominated,Loot,5748
0x4e1f41613c9084fdb9e34e11fae9412427480e56:9125,1,0,0.31,0.31,1,0x4e8b57bd419606f6d4b278bb0320f7b87445564a,0xbf8090eab036022b7e0c77d9e34793f1b756d94b,1,100,,,single_pair_dominated,Terraforms,9125
0x7bd29408f11d2bfc23c34f18275bbf23bb716bc7:17914,1,3,2.55,2.55,1,0x53dd26132c84974778d53af39bc472872f896212,0x97b5d56d02c0b97b02346d2eb61a1747b63a72d9,1,100,,,single_pair_dominated,Meebits,17914
0x4e1f41613c9084fdb9e34e11fae9412427480e56:7925,1,0,0.299,0.299,1,0x1e683c8c858008af9bb47598f90db297fa592e47,0x548cd49dd4e05ceb1b30b6c57fddeb78a0f104fd,1,100,,,single_pair_dominated,Terraforms,7925
0x4e1f41613c9084fdb9e34e11fae9412427480e56:4055,1,0,0.42,0.42,1,0x187d6e8741af35c45198ebec83905eb23e742b15,0x549b6b0af3877eea8677e49f09271e7ce181bde0,1,100,,,single_pair_dominated,Terraforms,4055
0x4e1f41613c9084fdb9e34e11fae9412427480e56:4054,1,0,0.41,0.41,1,0x231b466a99f8b3dfaee331f2c4ea16324bb1b94b,0x549b6b0af3877eea8677e49f09271e7ce181bde0,1,100,,,single_pair_dominated,Terraforms,4054
0x4e1f41613c9084fdb9e34e11fae9412427480e56:4051,1,0,0.43,0.43,1,0x549b6b0af3877eea8677e49f09271e7ce181bde0,0x98179b2658427fb8244ba6ee7652e45531258b9f,1,100,,,single_pair_dominated,Terraforms,4051
0x7bd29408f11d2bfc23c34f18275bbf23bb716bc7:4372,1,4,4.4,4.4,1,0x54bae794b6dda32a5379f091afdf5bab0e37b664,0x833f5e53b5efb03e7cac2761ec1167837b40fc0f,1,100,,,single_pair_dominated,Meebits,4372
0x7bd29408f11d2bfc23c34f18275bbf23bb716bc7:13446,1,4,3.8,3.8,1,0x57dcd38a94b7d074d2ff031cdfa95b8cff539c5e,0x6487892dff909617b6fae370408c978e3b9630c5,1,100,,,single_pair_dominated,Meebits,13446
0x7bd29408f11d2bfc23c34f18275bbf23bb716bc7:8960,1,4,3.85,3.85,1,0x57dcd38a94b7d074d2ff031cdfa95b8cff539c5e,0x6487892dff909617b6fae370408c978e3b9630c5,1,100,,,single_pair_dominated,Meebits,8960
0x7bd29408f11d2bfc23c34f18275bbf23bb716bc7:14157,1,4,3.8,3.8,1,0x57dcd38a94b7d074d2ff031cdfa95b8cff539c5e,0x6487892dff909617b6fae370408c978e3b9630c5,1,100,,,single_pair_dominated,Meebits,14157
0x4e1f41613c9084fdb9e34e11fae9412427480e56:3281,1,0,0.3,0.3,1,0x586e8eb5c9e18cba5cf9c5a15f19968e320096bd,0xbd5ef06f8750f784930f7bd15484c4e7176e55c0,1,100,,,single_pair_dominated,Terraforms,3281
0x4e1f41613c9084fdb9e34e11fae9412427480e56:2808,1,53,53,53,1,0x59a7d71d42c031446bd1cbc0dcd272b9bd6d289e,0xa7c17c833f62fd4c1a099596c9a5dd1d6a28bbdd,1,100,,,single_pair_dominated,Terraforms,2808
0x7bd29408f11d2bfc23c34f18275bbf23bb716bc7:14372,1,4,3.633,3.633,1,0x2bb68c26e75b01d2cbb9b1d71432fc53c4c80350,0x5baf063461662c7aaa35a84fc800996b74b1547d,1,100,,,single_pair_dominated,Meebits,14372
0x7bd29408f11d2bfc23c34f18275bbf23bb716bc7:12149,1,5,4.5,4.5,1,0x5be876ed0a9655133226be302ca6f5503e3da569,0x9aef7c447f6bc8d010b22aff52d5b67785ed942c,1,100,,,single_pair_dominated,Meebits,12149
0x7bd29408f11d2bfc23c34f18275bbf23bb716bc7:6981,1,3,2.5,2.5,1,0x5d4535bf9faf3a27b0352bbe1649a24982d57cb6,0xd3e2e76e4ab0322614fe7aaa3be0b04bed83d0d0,1,100,,,single_pair_dominated,Meebits,6981
0x7bd29408f11d2bfc23c34f18275bbf23bb716bc7:19543,1,5,5,5,1,0x5ef9a84e43600f08c16758b2a60d96b7b20b61ac,0xd9d54f0f67fde251ab41ffb36579f308b592d905,1,100,,,single_pair_dominated,Meebits,19543
0x7bd29408f11d2bfc23c34f18275bbf23bb716bc7:3541,1,4,4,4,1,0x49e0c67466a6e73adc7f9fc9aad6db9b9248eaa4,0x5f0bd06a71e038206ef3e5090eb448e9a9773772,1,100,,,single_pair_dominated,Meebits,3541
0x4e1f41613c9084fdb9e34e11fae9412427480e56:9175,1,3,3,3,1,0x5f929cd97da9f87d4d2ad42a41dcc13fc5871d54,0xaff4342328c05cdabfde27b6db8638fc7664892c,1,100,,,single_pair_dominated,Terraforms,9175
0xff9c1b15b16263c61d017ee9f65c50e4ae0113d7:6721,1,90,90,90,1,0x5f956ca9a2ed963bf955e9e4337e0a4f1d2dd8e9,0xf4a618fd45f735a66c6729386b334c413488ad99,1,100,,,single_pair_dominated,Loot,6721
0x4e1f41613c9084fdb9e34e11fae9412427480e56:3831,1,0,0.42,0.42,1,0x5fd2c02689d138547b7b1b9e7d9a309d5a03edcd,0x63a7255c515041fd243440e3db0d10f62f9936ae,1,100,,,single_pair_dominated,Terraforms,3831
0x7bd29408f11d2bfc23c34f18275bbf23bb716bc7:16695,1,4,3.7,3.7,1,0x0e9aed5c7721c642a032812c2c4816f7d6cb87d7,0x6186290b28d511bff971631c916244a9fc539cfe,1,100,,,single_pair_dominated,Meebits,16695
0x7bd29408f11d2bfc23c34f18275bbf23bb716bc7:9278,1,6,6,6,1,0x300ec2a76809e3e8ce12004df0e7bc75f55af921,0x61e6e32b58b1d693909044ad43c08e831939e13d,1,100,,,single_pair_dominated,Meebits,9278
0x7bd29408f11d2bfc23c34f18275bbf23bb716bc7:7463,1,4,3.81,3.81,1,0x627be27a38fc39863abb880c85bf09b5c8246b1c,0x68ea913a3caad9f917ba458897284364d33456e3,1,100,,,single_pair_dominated,Meebits,7463
0x4e1f41613c9084fdb9e34e11fae9412427480e56:6024,1,0,0.369,0.369,1,0x6317bc2808ab9f92c086655f55a03442adf6616c,0xdd84ce1adcb3a4908db61a1dfa3353c3974c5a2b,1,100,,,single_pair_dominated,Terraforms,6024
0xff9c1b15b16263c61d017ee9f65c50e4ae0113d7:4382,1,10,10.25,10.25,1,0x638aea3d8cc45da8915f4c2d00e6deba99bb4eb6,0xc24d27a7d9dbd07945323c624c6cc0f2d71b29d4,1,100,,,single_pair_dominated,Loot,4382
0xff9c1b15b16263c61d017ee9f65c50e4ae0113d7:512,1,61,61,61,1,0x638aea3d8cc45da8915f4c2d00e6deba99bb4eb6,0xc24d27a7d9dbd07945323c624c6cc0f2d71b29d4,1,100,,,single_pair_dominated,Loot,512
0xff9c1b15b16263c61d017ee9f65c50e4ae0113d7:455,1,100,100,100,1,0x63ca278617668e116e5464bce4c4be58b96e8063,0xf7f7d74ce9fc6626d629c6e90d9aaa359417dcb5,1,100,,,single_pair_dominated,Loot,455
0x4e1f41613c9084fdb9e34e11fae9412427480e56:2885,1,1,0.7002,0.7002,1,0x3281465b77bde60e7053f0a941549b8390b5532b,0x63f0a3660170a5c9cd4ca7b28b82f0011ffb37c4,1,100,,,single_pair_dominated,Terraforms,2885
0x7bd29408f11d2bfc23c34f18275bbf23bb716bc7:1494,1,9,9,9,1,0x65ba4f92d7dfa813ddbd849d9faf38a723dd9b12,0x97e3df42f464c69847695926ceb9a4e1777ef4b5,1,100,,,single_pair_dominated,Meebits,1494
0x7bd29408f11d2bfc23c34f18275bbf23bb716bc7:19441,1,99,98.6,98.6,1,0x66b870ddf78c975af5cd8edc6de25eca81791de1,0xa636b93a2682995c971dcafa7e367f5326912f6e,1,100,,,single_pair_dominated,Meebits,19441
0x4e1f41613c9084fdb9e34e11fae9412427480e56:5457,1,1,0.5,0.5,1,0x67a49a456bc5d72f8670dda8bd8efa83c8691e01,0xda3e7e2a36050600e269d6b41c116ece32ecda0d,1,100,,,single_pair_dominated,Terraforms,5457
0xff9c1b15b16263c61d017ee9f65c50e4ae0113d7:1446,1,2,1.961,1.961,1,0x69aa76325b4890f0fa9b44f4d99d56f3834738b4,0xed6ebc3489f13e35a25234810c70944ab4681d42,1,100,,,single_pair_dominated,Loot,1446
0xff9c1b15b16263c61d017ee9f65c50e4ae0113d7:1420,1,3,2.5,2.5,1,0x445479d811d37c04301c0c5d26ea4f48970ccf2a,0x69fb9b4a7ee25d565b5a583199ccbb22fa956217,1,100,,,single_pair_dominated,Loot,1420
0x4e1f41613c9084fdb9e34e11fae9412427480e56:4481,1,0,0.345,0.345,1,0x6b2cb882ae7b2338025551acbd05a65b71975824,0x9f25a07141f82dbb712e8f961d8fe76bb83756c7,1,100,,,single_pair_dominated,Terraforms,4481
0xff9c1b15b16263c61d017ee9f65c50e4ae0113d7:4282,1,3,2.5,2.5,1,0x5d18b45bf045027ecb1b42b7fe5f475377b2cde4,0x6b41d394e2dff2de63f62959a79dac372379dd54,1,100,,,single_pair_dominated,Loot,4282
0xff9c1b15b16263c61d017ee9f65c50e4ae0113d7:5332,1,2,2.45,2.45,1,0x607a0f8c7919afcc42975bb2e07ee78916828268,0x6b41d394e2dff2de63f62959a79dac372379dd54,1,100,,,single_pair_dominated,Loot,5332
0x7bd29408f11d2bfc23c34f18275bbf23bb716bc7:12828,1,20,20,20,1,0x2c07681e81b5f98c615cd2dd807a1b141982914d,0x6b6ae848f555f70944bc99d736fe29fcaecf8b23,1,100,,,single_pair_dominated,Meebits,12828
0x7bd29408f11d2bfc23c34f18275bbf23bb716bc7:8876,1,6,5.8,5.8,1,0x2c07681e81b5f98c615cd2dd807a1b141982914d,0x6b6ae848f555f70944bc99d736fe29fcaecf8b23,1,100,,,single_pair_dominated,Meebits,8876
0x4e1f41613c9084fdb9e34e11fae9412427480e56:5068,1,1,0.5,0.5,1,0x5f1970bc154649066636580ccf6e584cb24a4f80,0x6cfc02e6e3646bf407aa92e66301057439a9b569,1,100,,,single_pair_dominated,Terraforms,5068
0xff9c1b15b16263c61d017ee9f65c50e4ae0113d7:4883,1,15,15,15,1,0x6d7df75b0272ae1830553b4925cf1e342464d100,0x9b5c8aabf848a89b1378a930d42fb094a7d94c74,1,100,,,single_pair_dominated,Loot,4883
0x4e1f41613c9084fdb9e34e11fae9412427480e56:3987,1,1,0.5,0.5,1,0x6f47ad567a09603a2812727a95528eba0fc60375,0xaee8f297c845744cf166006ee88364cac5873369,1,100,,,single_pair_dominated,Terraforms,3987
0xff9c1b15b16263c61d017ee9f65c50e4ae0113d7:5438,1,2,2.22,2.22,1,0x70a5d38b135482c89cf540bc27cf5c282c73c35c,0xdd2a4f2d9b99d806979fb3652d5426e3172abf91,1,100,,,single_pair_dominated,Loot,5438
0x7bd29408f11d2bfc23c34f18275bbf23bb716bc7:7677,1,3,2.95,2.95,1,0x7405fe24003a50e4f4117d35e9b5a9f5e512fede,0x97b5d56d02c0b97b02346d2eb61a1747b63a72d9,1,100,,,single_pair_dominated,Meebits,7677
0x7bd29408f11d2bfc23c34f18275bbf23bb716bc7:5861,1,3,2.86,2.86,1,0x7405fe24003a50e4f4117d35e9b5a9f5e512fede,0xe852c2189316ec5eee9f36272962ade430f38531,1,100,,,single_pair_dominated,Meebits,5861
0x7bd29408f11d2bfc23c34f18275bbf23bb716bc7:13524,1,3,2.76,2.76,1,0x7405fe24003a50e4f4117d35e9b5a9f5e512fede,0xe852c2189316ec5eee9f36272962ade430f38531,1,100,,,single_pair_dominated,Meebits,13524
0x4e1f41613c9084fdb9e34e11fae9412427480e56:704,1,1,1,1,1,0x37e17dca626f48c4a10bcd4345a994a63c48c226,0x766a6923a62d062fa6da59f91d9b669a85bc7b15,1,100,,,single_pair_dominated,Terraforms,704
0x7bd29408f11d2bfc23c34f18275bbf23bb716bc7:871,1,3,3.43,3.43,1,0x76ea289c8dc50446ea604b89cbbfaf6086fd38a6,0x97b5d56d02c0b97b02346d2eb61a1747b63a72d9,1,100,,,single_pair_dominated,Meebits,871
0x7bd29408f11d2bfc23c34f18275bbf23bb716bc7:19100,1,3,3.42,3.42,1,0x76ea289c8dc50446ea604b89cbbfaf6086fd38a6,0xa90c70882fc63ac514be15743a13595cb39f767d,1,100,,,single_pair_dominated,Meebits,19100
0x4e1f41613c9084fdb9e34e11fae9412427480e56:6702,1,0,0.36,0.36,1,0x5d931c7560122b2e657d189ccc20cbac6fc80ff8,0x774e07d068d952dfd5e1c432e9f65010f4f823eb,1,100,,,single_pair_dominated,Terraforms,6702
0x7bd29408f11d2bfc23c34f18275bbf23bb716bc7:17616,1,20,20,20,1,0x6ed3d0a934dd96b8618f2003c1b9e9360c220a7f,0x784c71ce0099c1542f3ece7ccb20dd05f62ae741,1,100,,,single_pair_dominated,Meebits,17616
0x7bd29408f11d2bfc23c34f18275bbf23bb716bc7:7810,1,3,3.48,3.48,1,0x7893b13e58310cdac183e5ba95774405ce373f83,0xe3dbc37f19c9496c81c6e19d656029a607193cf8,1,100,,,single_pair_dominated,Meebits,7810
0x4e1f41613c9084fdb9e34e11fae9412427480e56:8512,1,1,0.56,0.56,1,0x435a4ccc3712b0b40ce16a1c7bfa263ed6e9bb33,0x79669ce9c5d4da444de9a8f216440bc85902f28b,1,100,,,single_pair_dominated,Terraforms,8512
0x7bd29408f11d2bfc23c34f18275bbf23bb716bc7:12246,1,4,4,4,1,0x75dd17cdb0ef08e3a65060ba23e29cd30c1f0e30,0x7c4b70cd809e3cfd45b6cc1ed938e7adc45bde0b,1,100,,,single_pair_dominated,Meebits,12246
0x7bd29408f11d2bfc23c34f18275bbf23bb716bc7:7989,1,4,4,4,1,0x7c4b70cd809e3cfd45b6cc1ed938e7adc45bde0b,0xf947ac7e11d1059c1674422ef30910089f12bf17,1,100,,,single_pair_dominated,Meebits,7989
0x7bd29408f11d2bfc23c34f18275bbf23bb716bc7:1685,1,4,4.2,4.2,1,0x7c5554638c5bd6b5853968bc561eb49f06766c7d,0xd436c63e783bea786edaf552f3ce813a157a5501,1,100,,,single_pair_dominated,Meebits,1685
0x7bd29408f11d2bfc23c34f18275bbf23bb716bc7:4320,1,4,3.79,3.79,1,0x7e272125a20c198e0b4e55a271445cd9616b5669,0xf517639a8872e756ac98d3c65507d2ebc25cc032,1,100,,,single_pair_dominated,Meebits,4320
0x4e1f41613c9084fdb9e34e11fae9412427480e56:5247,1,0,0.45,0.45,1,0x0e0b43331afe772a5ff62dd22a55f6b831c2ebab,0x82f1d34f42285178e9f949fca2566e0c9e44fafe,1,100,,,single_pair_dominated,Terraforms,5247
0x7bd29408f11d2bfc23c34f18275bbf23bb716bc7:1223,1,4,4.19,4.19,1,0x6507db73d6ade38af8467eb5ab445f224cedaf38,0x8322cbe33282d2c7c5babbd37b5b800028ca6311,1,100,,,single_pair_dominated,Meebits,1223
0xff9c1b15b16263c61d017ee9f65c50e4ae0113d7:5891,1,2,2,2,1,0x837bd85e993a54403df4946f4ab776c060779937,0xd0cf6daf72c2370cead9e6d8ef61615e1c89b2be,1,100,,,single_pair_dominated,Loot,5891
0xff9c1b15b16263c61d017ee9f65c50e4ae0113d7:1572,1,2,2.4,2.4,1,0x8397c73e27ed63f14cd53f9189da8dea9be889cf,0xc1d91798d36e4a14ebf08208287302a597d7e759,1,100,,,single_pair_dominated,Loot,1572
0x7bd29408f11d2bfc23c34f18275bbf23bb716bc7:11823,1,25,25,25,1,0x5c720be83467c9619c0c0e3c43bee2ee7304afdb,0x8404601e515ae9042620d776b6826ae65e5be7f6,1,100,,,single_pair_dominated,Meebits,11823
0xff9c1b15b16263c61d017ee9f65c50e4ae0113d7:1549,1,2,1.802,1.802,1,0x84bcdd8d5366007dc1bf4011f4959f80fcc44475,0xed6ebc3489f13e35a25234810c70944ab4681d42,1,100,,,single_pair_dominated,Loot,1549
0x4e1f41613c9084fdb9e34e11fae9412427480e56:8689,1,1,0.95,0.95,1,0x71f1494c6873a267cd344f1da722f6ee1c3f3f88,0x84d8265a786cf6a9fd055d6e8e3ad5dfded7b73a,1,100,,,single_pair_dominated,Terraforms,8689
0x7bd29408f11d2bfc23c34f18275bbf23bb716bc7:8131,1,30,30,30,1,0x86b896452bbddfc58427bf19f24d1292ae14989c,0xe65e8219e86a5233c47f518e9582caa2eb3f19cb,1,100,,,single_pair_dominated,Meebits,8131
0x4e1f41613c9084fdb9e34e11fae9412427480e56:6658,1,1,0.5,0.5,1,0x558de22cd4b3ad78566477566387a1e1b5ae3614,0x876b55fbb0cde1c13dd63a0e1f58f170313d2cf2,1,100,,,single_pair_dominated,Terraforms,6658
0x4e1f41613c9084fdb9e34e11fae9412427480e56:8268,1,50,50,50,1,0x8824624faada1352833f6f2d8e9c23a79b41bf87,0xb84f6da1b9accee009bdaba61573179b666b0d1a,1,100,none,inventory_shuffle_review,single_pair_dominated,Terraforms,8268
0x4e1f41613c9084fdb9e34e11fae9412427480e56:8174,1,54,53.9,53.9,1,0x8824624faada1352833f6f2d8e9c23a79b41bf87,0xb84f6da1b9accee009bdaba61573179b666b0d1a,1,100,none,inventory_shuffle_review,single_pair_dominated,Terraforms,8174
0x4e1f41613c9084fdb9e34e11fae9412427480e56:8173,1,50,49.632,49.632,1,0x8824624faada1352833f6f2d8e9c23a79b41bf87,0xb84f6da1b9accee009bdaba61573179b666b0d1a,1,100,none,inventory_shuffle_review,single_pair_dominated,Terraforms,8173
0x4e1f41613c9084fdb9e34e11fae9412427480e56:8525,1,0,0.3749,0.3749,1,0x8840da3262184e0fbb6c5d68d8c8a484acaa9ace,0xabdc8ab43864ba7bf066870e9e4bc2ea3e428109,1,100,,,single_pair_dominated,Terraforms,8525
0x7bd29408f11d2bfc23c34f18275bbf23bb716bc7:1075,1,4,3.9,3.9,1,0x8888888884d2e4e981023da51b43066461f46dca,0xa556a5a50d2c786617263414878214a9159d1433,1,100,,,single_pair_dominated,Meebits,1075
0xff9c1b15b16263c61d017ee9f65c50e4ae0113d7:1965,1,2,1.971,1.971,1,0x2bb68c26e75b01d2cbb9b1d71432fc53c4c80350,0x894d8502aa32714b2ec0ea6956f26fae3dd2a551,1,100,,,single_pair_dominated,Loot,1965
0x4e1f41613c9084fdb9e34e11fae9412427480e56:4146,1,0,0.45,0.45,1,0x43fa863f72a9e946622e3eb4612b716bc2f86ac3,0x89b7f3c7b61ca77cdf515095ff194df82636f2f5,1,100,,,single_pair_dominated,Terraforms,4146
0xff9c1b15b16263c61d017ee9f65c50e4ae0113d7:3989,1,2,1.7101,1.7101,1,0x404ad9568f0bb7d714e80b423f6b3b07e06eb7b5,0x8afedd4181e6295a09c0af26709ddeee8a1401fc,1,100,,,single_pair_dominated,Loot,3989
0x4e1f41613c9084fdb9e34e11fae9412427480e56:4837,1,0,0.22,0.22,1,0x8bace3a49a375027868cdd34e84521eed1f1b01d,0xc44de5aaba2a60cd78108a4c98614613a0d6daed,1,100,,,single_pair_dominated,Terraforms,4837
0x4e1f41613c9084fdb9e34e11fae9412427480e56:6542,1,4,3.5,3.5,1,0x5a47db3f84322239b368b34a26422bd9fec20ae7,0x8c9897c494deaa0e0b642f33770072ef5bcbf73d,1,100,,,single_pair_dominated,Terraforms,6542
0x7bd29408f11d2bfc23c34f18275bbf23bb716bc7:12174,1,4,3.9,3.9,1,0x8df676ba0298b733c2311cffa234de58849eb678,0x97b5d56d02c0b97b02346d2eb61a1747b63a72d9,1,100,,,single_pair_dominated,Meebits,12174
0x4e1f41613c9084fdb9e34e11fae9412427480e56:2951,1,3,2.99,2.99,1,0x323060835fcdcf0c2fa891045943d9b2a9e2559c,0x8fc51573b0132c04a8579ae9676c5b721cea7d93,1,100,,,single_pair_dominated,Terraforms,2951
0x7bd29408f11d2bfc23c34f18275bbf23bb716bc7:17085,1,9,8.6969,8.6969,1,0x1a77b0f73746c525cb56bdcc4e069304347b070e,0x90e7a24db5b75892b8129c72478a43540f1b5dc3,1,100,,,single_pair_dominated,Meebits,17085
0x7bd29408f11d2bfc23c34f18275bbf23bb716bc7:8341,1,4,3.55,3.55,1,0x91671d0c02c7465b0948e819d2c2d261405301cf,0xe8dbd6474fb0128863f5d3204af5ef363d90adb0,1,100,,,single_pair_dominated,Meebits,8341
0x7bd29408f11d2bfc23c34f18275bbf23bb716bc7:6154,1,3,3.07,3.07,1,0x92a6f975cbb957677e44877008b4f85094350810,0xe852c2189316ec5eee9f36272962ade430f38531,1,100,,,single_pair_dominated,Meebits,6154
0xff9c1b15b16263c61d017ee9f65c50e4ae0113d7:3428,1,20,20,20,1,0x92ffcbff005ef704a9b8e05b7f1c9fb250395515,0xeb722682e76bf2b13c6638cb1117bea3c53ef9dc,1,100,,,single_pair_dominated,Loot,3428
0x7bd29408f11d2bfc23c34f18275bbf23bb716bc7:12059,1,100,100,100,1,0x5bc05b93ae5c7cb44a8c78f13efdb9e9ea209356,0x93fdb06cff65f22cec66c88554d9907e5585ea5e,1,100,,,single_pair_dominated,Meebits,12059
0x4e1f41613c9084fdb9e34e11fae9412427480e56:3390,1,0,0.3,0.3,1,0x95a8b209ccd61d11e7d1dce5800e6fd3b912c583,0xad8590737e2d0bdfc11ada4edd7c328d5dd2bc60,1,100,,,single_pair_dominated,Terraforms,3390
0x4e1f41613c9084fdb9e34e11fae9412427480e56:4401,1,0,0.34,0.34,1,0x7d26513b44e0d864eae3e810bae64f80c22849f5,0x97cfdade0216433df7dd4a1ea324ea65fa31f6f3,1,100,,,single_pair_dominated,Terraforms,4401
0x4e1f41613c9084fdb9e34e11fae9412427480e56:4399,1,0,0.3,0.3,1,0x97cfdade0216433df7dd4a1ea324ea65fa31f6f3,0xbf5712bd1d65d59c5a0a17ea90f91f4a1bc78d2a,1,100,,,single_pair_dominated,Terraforms,4399
0x7bd29408f11d2bfc23c34f18275bbf23bb716bc7:15029,1,5,5,5,1,0x611c67ec71202613da55d00ddc04ccdb02060fcc,0x988711a49f7f89db3e8b4b4482b40caf487ff6c2,1,100,,,single_pair_dominated,Meebits,15029
0x7bd29408f11d2bfc23c34f18275bbf23bb716bc7:15346,1,5,4.91,4.91,1,0x805b3d90e1cf9e7aca39f95067442836888fc51e,0x9d44c49df2cb83f7009ad5854878f88a623f3634,1,100,,,single_pair_dominated,Meebits,15346
0x7bd29408f11d2bfc23c34f18275bbf23bb716bc7:6145,1,4,3.98,3.98,1,0x30e1b17575d9a887e0b144900206031607216c62,0x9f65a3a3cb9420a2e06cb4bd75d439fecf7869e2,1,100,,,single_pair_dominated,Meebits,6145
0x4e1f41613c9084fdb9e34e11fae9412427480e56:6823,1,0,0.35,0.35,1,0x9fad9add02571a8069ef95dd9018a9f68f2018ac,0xc04590db27305d8854c0b103e9e3d9b87c65d468,1,100,,,single_pair_dominated,Terraforms,6823
0x7bd29408f11d2bfc23c34f18275bbf23bb716bc7:8109,1,20,20,20,1,0x63b135a7dffd00dd92fe4bd58378cf4b0110f362,0x9fb6782a1fd4c73d1a78af4cbe872a58c34eab3f,1,100,,,single_pair_dominated,Meebits,8109
0x7bd29408f11d2bfc23c34f18275bbf23bb716bc7:16185,1,400,400,400,1,0xa06c0c2b2ce1918a148e5c6ea9f32a374ef44ba8,0xf23a873b5bc29d9269ad4a50f093477f4599c007,1,100,,,single_pair_dominated,Meebits,16185
0x7bd29408f11d2bfc23c34f18275bbf23bb716bc7:8306,1,3,3.08,3.08,1,0x485f1c06a29b78093a9d350ae92aa70b70d4cf11,0xa24c1d869119cc57ca64b2028b83842b235f9bee,1,100,,,single_pair_dominated,Meebits,8306
0x7bd29408f11d2bfc23c34f18275bbf23bb716bc7:5950,1,15,15,15,1,0x91ed35bbfad9ca76aa5573b06687a3214cb7707d,0xa2c5be20eb19dc5b389b191877f87156cafe1f19,1,100,,,single_pair_dominated,Meebits,5950
0xff9c1b15b16263c61d017ee9f65c50e4ae0113d7:149,1,20,20,20,1,0xa357f162fe9c383edeee81fbc905c4bc7fca166f,0xe7e8b3777884b5b088453d0093f844ddff9cfd8d,1,100,medium,concentrated_pair,single_pair_dominated,Loot,149
0xff9c1b15b16263c61d017ee9f65c50e4ae0113d7:6689,1,1000,1000,1000,1,0xa357f162fe9c383edeee81fbc905c4bc7fca166f,0xe7e8b3777884b5b088453d0093f844ddff9cfd8d,1,100,medium,concentrated_pair,single_pair_dominated,Loot,6689
0xff9c1b15b16263c61d017ee9f65c50e4ae0113d7:850,1,1080,1080,1080,1,0xa357f162fe9c383edeee81fbc905c4bc7fca166f,0xe7e8b3777884b5b088453d0093f844ddff9cfd8d,1,100,medium,concentrated_pair,single_pair_dominated,Loot,850
0xff9c1b15b16263c61d017ee9f65c50e4ae0113d7:2114,1,1067,1067,1067,1,0xa357f162fe9c383edeee81fbc905c4bc7fca166f,0xe7e8b3777884b5b088453d0093f844ddff9cfd8d,1,100,medium,concentrated_pair,single_pair_dominated,Loot,2114
0xff9c1b15b16263c61d017ee9f65c50e4ae0113d7:7560,1,1045,1045,1045,1,0xa357f162fe9c383edeee81fbc905c4bc7fca166f,0xe7e8b3777884b5b088453d0093f844ddff9cfd8d,1,100,medium,concentrated_pair,single_pair_dominated,Loot,7560
0xff9c1b15b16263c61d017ee9f65c50e4ae0113d7:4890,1,1024,1024,1024,1,0xa357f162fe9c383edeee81fbc905c4bc7fca166f,0xe7e8b3777884b5b088453d0093f844ddff9cfd8d,1,100,medium,concentrated_pair,single_pair_dominated,Loot,4890
0xff9c1b15b16263c61d017ee9f65c50e4ae0113d7:7042,1,1003,1003,1003,1,0xa357f162fe9c383edeee81fbc905c4bc7fca166f,0xe7e8b3777884b5b088453d0093f844ddff9cfd8d,1,100,medium,concentrated_pair,single_pair_dominated,Loot,7042
0xff9c1b15b16263c61d017ee9f65c50e4ae0113d7:1670,1,983,983,983,1,0xa357f162fe9c383edeee81fbc905c4bc7fca166f,0xe7e8b3777884b5b088453d0093f844ddff9cfd8d,1,100,medium,concentrated_pair,single_pair_dominated,Loot,1670
0xff9c1b15b16263c61d017ee9f65c50e4ae0113d7:6469,1,963,963,963,1,0xa357f162fe9c383edeee81fbc905c4bc7fca166f,0xe7e8b3777884b5b088453d0093f844ddff9cfd8d,1,100,medium,concentrated_pair,single_pair_dominated,Loot,6469
0xff9c1b15b16263c61d017ee9f65c50e4ae0113d7:7580,1,944,944,944,1,0xa357f162fe9c383edeee81fbc905c4bc7fca166f,0xe7e8b3777884b5b088453d0093f844ddff9cfd8d,1,100,medium,concentrated_pair,single_pair_dominated,Loot,7580
0xff9c1b15b16263c61d017ee9f65c50e4ae0113d7:651,1,925,925,925,1,0xa357f162fe9c383edeee81fbc905c4bc7fca166f,0xe7e8b3777884b5b088453d0093f844ddff9cfd8d,1,100,medium,concentrated_pair,single_pair_dominated,Loot,651
0xff9c1b15b16263c61d017ee9f65c50e4ae0113d7:3600,1,906,906,906,1,0xa357f162fe9c383edeee81fbc905c4bc7fca166f,0xe7e8b3777884b5b088453d0093f844ddff9cfd8d,1,100,medium,concentrated_pair,single_pair_dominated,Loot,3600
0xff9c1b15b16263c61d017ee9f65c50e4ae0113d7:6467,1,888,888,888,1,0xa357f162fe9c383edeee81fbc905c4bc7fca166f,0xe7e8b3777884b5b088453d0093f844ddff9cfd8d,1,100,medium,concentrated_pair,single_pair_dominated,Loot,6467
0xff9c1b15b16263c61d017ee9f65c50e4ae0113d7:408,1,870,870,870,1,0xa357f162fe9c383edeee81fbc905c4bc7fca166f,0xe7e8b3777884b5b088453d0093f844ddff9cfd8d,1,100,medium,concentrated_pair,single_pair_dominated,Loot,408
0xff9c1b15b16263c61d017ee9f65c50e4ae0113d7:2940,1,837,837,837,1,0xa357f162fe9c383edeee81fbc905c4bc7fca166f,0xe7e8b3777884b5b088453d0093f844ddff9cfd8d,1,100,medium,concentrated_pair,single_pair_dominated,Loot,2940
0xff9c1b15b16263c61d017ee9f65c50e4ae0113d7:1188,1,1480,1480,1480,1,0xa357f162fe9c383edeee81fbc905c4bc7fca166f,0xe7e8b3777884b5b088453d0093f844ddff9cfd8d,1,100,medium,concentrated_pair,single_pair_dominated,Loot,1188
0xff9c1b15b16263c61d017ee9f65c50e4ae0113d7:144,1,1421,1421,1421,1,0xa357f162fe9c383edeee81fbc905c4bc7fca166f,0xe7e8b3777884b5b088453d0093f844ddff9cfd8d,1,100,medium,concentrated_pair,single_pair_dominated,Loot,144
0x4e1f41613c9084fdb9e34e11fae9412427480e56:5684,1,1,0.72,0.72,1,0x037e2847c769d20564502183f524f88baa06b389,0xa5cc7f3c81681429b8e4fc074847083446cfdb99,1,100,,,single_pair_dominated,Terraforms,5684
0x4e1f41613c9084fdb9e34e11fae9412427480e56:5347,1,8,7.8,7.8,1,0xa5f87c67687554a57fde2bb1de82eb1003938673,0xffc9744f1ad64500e7b62dece97a64e67cf9028d,1,100,,,single_pair_dominated,Terraforms,5347
0x4e1f41613c9084fdb9e34e11fae9412427480e56:9173,1,0,0.37,0.37,1,0x92e311ec6d2b920ea2d6dc981cd2f092c14be843,0xa7051d46a3c27c7e86afabf183df51b73674adfa,1,100,,,single_pair_dominated,Terraforms,9173
0x4e1f41613c9084fdb9e34e11fae9412427480e56:2228,1,3,2.51,2.51,1,0x21d9c196a17256b610899001ae9236e830c7a182,0xa775223d4611a40d39a7de32a878e6cdc77d1bdb,1,100,,,single_pair_dominated,Terraforms,2228
0x7bd29408f11d2bfc23c34f18275bbf23bb716bc7:12713,1,6,6,6,1,0x75abe57fbd41e201464fc37e692629300350e38d,0xa7a9593478dc4c4f191cc97a88da0c1299af0355,1,100,,,single_pair_dominated,Meebits,12713
0x4e1f41613c9084fdb9e34e11fae9412427480e56:6201,1,0,0.366,0.366,1,0xa7b783335145610cbf09124cdd9512ae55a843ec,0xe40edd7f225ed7f54abaf89d2c791a58c4bbce2d,1,100,,,single_pair_dominated,Terraforms,6201
0x4e1f41613c9084fdb9e34e11fae9412427480e56:3240,1,0,0.359,0.359,1,0xa7ec9d6c29899f15b6c1609fb77782aff4eefa85,0xfa3047bc1bd7eb463e95bffed16ac0d539a2a1ee,1,100,,,single_pair_dominated,Terraforms,3240
0x4e1f41613c9084fdb9e34e11fae9412427480e56:8910,1,20,20,20,1,0xa863f6de9db83c582b133c96279e2c664840ce76,0xb023995346aa4ed4d9fd33872049989ef8c39ac2,1,100,,,single_pair_dominated,Terraforms,8910
0x4e1f41613c9084fdb9e34e11fae9412427480e56:7879,1,2,1.5,1.5,1,0x113d754ff2e6ca9fd6ab51932493e4f9dabdf596,0xa87bac952868726052dcce756c864f3bb2bbf4ff,1,100,,,single_pair_dominated,Terraforms,7879
0x4e1f41613c9084fdb9e34e11fae9412427480e56:3702,1,0,0.39,0.39,1,0x13a1db3301fe0dd554aa4cd4fda4e27fa1f63bba,0xa87bac952868726052dcce756c864f3bb2bbf4ff,1,100,,,single_pair_dominated,Terraforms,3702
0x4e1f41613c9084fdb9e34e11fae9412427480e56:8649,1,0,0.39,0.39,1,0x1fefbbc536e4d6d22e63c7128226569bc9d50b9e,0xa87bac952868726052dcce756c864f3bb2bbf4ff,1,100,,,single_pair_dominated,Terraforms,8649
0x4e1f41613c9084fdb9e34e11fae9412427480e56:6342,1,0,0.39,0.39,1,0x2d03e6d1001e486d1e58690fc7cb3fe3f87c1149,0xa87bac952868726052dcce756c864f3bb2bbf4ff,1,100,,,single_pair_dominated,Terraforms,6342
0x4e1f41613c9084fdb9e34e11fae9412427480e56:9206,1,0,0.39,0.39,1,0x32570c8858afe2260098eeac25f6fbc643b6277a,0xa87bac952868726052dcce756c864f3bb2bbf4ff,1,100,,,single_pair_dominated,Terraforms,9206
0x4e1f41613c9084fdb9e34e11fae9412427480e56:4638,1,0,0.39,0.39,1,0x54ad3649ce7e217910b61e6a0241b3970542f94c,0xa87bac952868726052dcce756c864f3bb2bbf4ff,1,100,,,single_pair_dominated,Terraforms,4638
0x4e1f41613c9084fdb9e34e11fae9412427480e56:6349,1,0,0.39,0.39,1,0x7d5d3554d3aa450e6c65ac4fda376aee13e1293e,0xa87bac952868726052dcce756c864f3bb2bbf4ff,1,100,,,single_pair_dominated,Terraforms,6349
0x4e1f41613c9084fdb9e34e11fae9412427480e56:9225,1,0,0.39,0.39,1,0x98179b2658427fb8244ba6ee7652e45531258b9f,0xa87bac952868726052dcce756c864f3bb2bbf4ff,1,100,,,single_pair_dominated,Terraforms,9225
0x4e1f41613c9084fdb9e34e11fae9412427480e56:3144,1,0,0.39,0.39,1,0x98179b2658427fb8244ba6ee7652e45531258b9f,0xa87bac952868726052dcce756c864f3bb2bbf4ff,1,100,,,single_pair_dominated,Terraforms,3144
0x4e1f41613c9084fdb9e34e11fae9412427480e56:3383,1,0,0.39,0.39,1,0x98179b2658427fb8244ba6ee7652e45531258b9f,0xa87bac952868726052dcce756c864f3bb2bbf4ff,1,100,,,single_pair_dominated,Terraforms,3383
0x4e1f41613c9084fdb9e34e11fae9412427480e56:3759,1,0,0.39,0.39,1,0xa19801bbb26c0412875876fdfc1ea63c45ca8187,0xa87bac952868726052dcce756c864f3bb2bbf4ff,1,100,,,single_pair_dominated,Terraforms,3759
0x4e1f41613c9084fdb9e34e11fae9412427480e56:4339,1,0,0.39,0.39,1,0xa87bac952868726052dcce756c864f3bb2bbf4ff,0xcc0788dd749183b6e67b14d1084c8209c02d2ef4,1,100,,,single_pair_dominated,Terraforms,4339
0x4e1f41613c9084fdb9e34e11fae9412427480e56:2483,1,0,0.39,0.39,1,0xa87bac952868726052dcce756c864f3bb2bbf4ff,0xdaf5cfd45fec6cc49ea969739376dbf6136c4024,1,100,,,single_pair_dominated,Terraforms,2483
0x7bd29408f11d2bfc23c34f18275bbf23bb716bc7:7695,1,4,3.84,3.84,1,0x4b90ce3697e753d327033f63c38970cfb6d277ee,0xa90c70882fc63ac514be15743a13595cb39f767d,1,100,,,single_pair_dominated,Meebits,7695
0x7bd29408f11d2bfc23c34f18275bbf23bb716bc7:1228,1,4,3.82,3.82,1,0x9e3bb7ee5714970a2a3b37dfe63abc14f0a7be38,0xa90c70882fc63ac514be15743a13595cb39f767d,1,100,,,single_pair_dominated,Meebits,1228
0x7bd29408f11d2bfc23c34f18275bbf23bb716bc7:8845,1,3,3.2,3.2,1,0xa9336f96192140af9a62da3a28b778ee37a785ec,0xdaa8a78089ef0098a14af2148a8768cf7d104640,1,100,,,single_pair_dominated,Meebits,8845
0x7bd29408f11d2bfc23c34f18275bbf23bb716bc7:14779,1,5,5,5,1,0xa9336f96192140af9a62da3a28b778ee37a785ec,0xff8694adbc22f0f531c7a60318782d7bd8d54627,1,100,,,single_pair_dominated,Meebits,14779
0x7bd29408f11d2bfc23c34f18275bbf23bb716bc7:17891,1,5,5,5,1,0xa9336f96192140af9a62da3a28b778ee37a785ec,0xff8694adbc22f0f531c7a60318782d7bd8d54627,1,100,,,single_pair_dominated,Meebits,17891
0x7bd29408f11d2bfc23c34f18275bbf23bb716bc7:9624,1,5,5,5,1,0xa9336f96192140af9a62da3a28b778ee37a785ec,0xff8694adbc22f0f531c7a60318782d7bd8d54627,1,100,,,single_pair_dominated,Meebits,9624
0x7bd29408f11d2bfc23c34f18275bbf23bb716bc7:6295,1,5,5,5,1,0xa9336f96192140af9a62da3a28b778ee37a785ec,0xff8694adbc22f0f531c7a60318782d7bd8d54627,1,100,,,single_pair_dominated,Meebits,6295
0xff9c1b15b16263c61d017ee9f65c50e4ae0113d7:3834,1,14673,14673,14673,1,0x35d0ca92152d1fea18240d6c67c2adfe0cca287c,0xa99a76dddbb9678bc33f39919bc76d279c680c89,1,100,medium,concentrated_pair,single_pair_dominated,Loot,3834
0x7bd29408f11d2bfc23c34f18275bbf23bb716bc7:17694,1,3,3.47,3.47,1,0x75dd17cdb0ef08e3a65060ba23e29cd30c1f0e30,0xaab119918dc8f1a47b4e161836912d626c50caa7,1,100,,,single_pair_dominated,Meebits,17694
0x7bd29408f11d2bfc23c34f18275bbf23bb716bc7:10765,1,4,4,4,1,0x32570c8858afe2260098eeac25f6fbc643b6277a,0xad286cf287b91719ee85d3ba5cf3da483d631dba,1,100,,,single_pair_dominated,Meebits,10765
0x4e1f41613c9084fdb9e34e11fae9412427480e56:2276,1,1,0.75,0.75,1,0xad549c7fcf1bd3e57bca464d9dce0a0d561599d1,0xe37fa5a78ac0b0861de783698802b56c93ad3017,1,100,,,single_pair_dominated,Terraforms,2276
0x7bd29408f11d2bfc23c34f18275bbf23bb716bc7:6433,1,10,10,10,1,0x93c2181aafc7b41cf9be0279da868c871471c4e4,0xafcd6e3d6b8e87722ed8d5a598e811672a462a9d,1,100,,,single_pair_dominated,Meebits,6433
0x7bd29408f11d2bfc23c34f18275bbf23bb716bc7:19841,1,11,10.6,10.6,1,0x1fd8df37b360d7366db649703014e637ee214f4a,0xb0bdd53b627d7e61cfc5c13ef110e47e210fac6f,1,100,,,single_pair_dominated,Meebits,19841
0x7bd29408f11d2bfc23c34f18275bbf23bb716bc7:7775,1,11,10.5,10.5,1,0xb0bdd53b627d7e61cfc5c13ef110e47e210fac6f,0xb329c5d6e031e12c0efcd81c36d5a8e993c957ba,1,100,,,single_pair_dominated,Meebits,7775
0x7bd29408f11d2bfc23c34f18275bbf23bb716bc7:8645,1,11,10.7,10.7,1,0xb0bdd53b627d7e61cfc5c13ef110e47e210fac6f,0xb329c5d6e031e12c0efcd81c36d5a8e993c957ba,1,100,,,single_pair_dominated,Meebits,8645
0x7bd29408f11d2bfc23c34f18275bbf23bb716bc7:2169,1,4,3.5,3.5,1,0x97b5d56d02c0b97b02346d2eb61a1747b63a72d9,0xb1ddee305db6354b524c49b8b27fe4da92052a5d,1,100,,,single_pair_dominated,Meebits,2169
0x7bd29408f11d2bfc23c34f18275bbf23bb716bc7:1510,1,6,5.7,5.7,1,0x7b83f4aef8377f3f6a54ae6728a8a3eccb3f6b3c,0xb313d0fe7a827068332c25e752892ed3d2e8041e,1,100,,,single_pair_dominated,Meebits,1510
0x7bd29408f11d2bfc23c34f18275bbf23bb716bc7:3210,1,4,3.8,3.8,1,0x00668bd79ede077b99bbe1c4db59418bc333d4cf,0xb5ab1a53fb718f62faaf1f1d7a247ad100e53c32,1,100,,,single_pair_dominated,Meebits,3210
0x4e1f41613c9084fdb9e34e11fae9412427480e56:2051,1,15,15,15,1,0x15b16eb2212336a44ecb169c49e5bd55f469410f,0xb61023807fcef4d67928eb163012bf242395b715,1,100,,,single_pair_dominated,Terraforms,2051
0x4e1f41613c9084fdb9e34e11fae9412427480e56:2480,1,15,15,15,1,0x15b16eb2212336a44ecb169c49e5bd55f469410f,0xb61023807fcef4d67928eb163012bf242395b715,1,100,,,single_pair_dominated,Terraforms,2480
0x4e1f41613c9084fdb9e34e11fae9412427480e56:2195,1,15,15,15,1,0x15b16eb2212336a44ecb169c49e5bd55f469410f,0xb61023807fcef4d67928eb163012bf242395b715,1,100,,,single_pair_dominated,Terraforms,2195
0x4e1f41613c9084fdb9e34e11fae9412427480e56:2477,1,60,60,60,1,0x15b16eb2212336a44ecb169c49e5bd55f469410f,0xb61023807fcef4d67928eb163012bf242395b715,1,100,,,single_pair_dominated,Terraforms,2477
0x4e1f41613c9084fdb9e34e11fae9412427480e56:2201,1,60,60,60,1,0x15b16eb2212336a44ecb169c49e5bd55f469410f,0xb61023807fcef4d67928eb163012bf242395b715,1,100,,,single_pair_dominated,Terraforms,2201
0x7bd29408f11d2bfc23c34f18275bbf23bb716bc7:13330,1,4,4.1,4.1,1,0x144e1547ad7be53ed5f751406a661540b860d522,0xb7cc2f9cadb0665debfd419cc0edb1569259dbb2,1,100,,,single_pair_dominated,Meebits,13330
0x7bd29408f11d2bfc23c34f18275bbf23bb716bc7:10328,1,4,4.1,4.1,1,0x84e2aeabb4f48551930b79371ebcd13f55a3ea88,0xb7cc2f9cadb0665debfd419cc0edb1569259dbb2,1,100,,,single_pair_dominated,Meebits,10328
0x7bd29408f11d2bfc23c34f18275bbf23bb716bc7:7691,1,4,3.7,3.7,1,0x97b5d56d02c0b97b02346d2eb61a1747b63a72d9,0xb815570ce5dd2cd0baa36cf34af582e7c9b67b53,1,100,,,single_pair_dominated,Meebits,7691
0x4e1f41613c9084fdb9e34e11fae9412427480e56:2168,1,78,78.4,78.4,1,0x8824624faada1352833f6f2d8e9c23a79b41bf87,0xb84f6da1b9accee009bdaba61573179b666b0d1a,1,100,none,inventory_shuffle_review,single_pair_dominated,Terraforms,2168
0x4e1f41613c9084fdb9e34e11fae9412427480e56:2097,1,40,40,40,1,0x8824624faada1352833f6f2d8e9c23a79b41bf87,0xb84f6da1b9accee009bdaba61573179b666b0d1a,1,100,none,inventory_shuffle_review,single_pair_dominated,Terraforms,2097
0xff9c1b15b16263c61d017ee9f65c50e4ae0113d7:5870,1,2,2,2,1,0x643ee7e9437cef673e9036c56b18ee925cbec0aa,0xba28fa757146d2087d835e3450a29732ba471d05,1,100,,,single_pair_dominated,Loot,5870
0xff9c1b15b16263c61d017ee9f65c50e4ae0113d7:5881,1,2,2,2,1,0x67941779e59cefdbc61af9cb047d44c173301795,0xba28fa757146d2087d835e3450a29732ba471d05,1,100,,,single_pair_dominated,Loot,5881
0xff9c1b15b16263c61d017ee9f65c50e4ae0113d7:6893,1,2,2,2,1,0xa611cb6409771c9c5c2949fedd722023e4961ce2,0xba28fa757146d2087d835e3450a29732ba471d05,1,100,,,single_pair_dominated,Loot,6893
0x4e1f41613c9084fdb9e34e11fae9412427480e56:8285,1,0,0.45,0.45,1,0xba966690326f93bb2353afb327afba021605209a,0xe809c867738d56b0c83f85b960450652817e6975,1,100,,,single_pair_dominated,Terraforms,8285
0x4e1f41613c9084fdb9e34e11fae9412427480e56:2980,1,0,0.459,0.459,1,0xbab64597e8d0eb511a356b56b8dc46c7b01097c5,0xd79b812c8570508c04faba959e5fbb19230a6de2,1,100,,,single_pair_dominated,Terraforms,2980
0xff9c1b15b16263c61d017ee9f65c50e4ae0113d7:5556,1,2,1.7593,1.7593,1,0xbb611f7d7575e5799f44a18410dc9acaa700a617,0xd4be54fc8da5f7ea6d2cbda658a2ea52b0007d2a,1,100,,,single_pair_dominated,Loot,5556
0xff9c1b15b16263c61d017ee9f65c50e4ae0113d7:3942,1,2,1.759,1.759,1,0xbb611f7d7575e5799f44a18410dc9acaa700a617,0xd886a29660632eeb7371a3184a56da66cd58efb5,1,100,,,single_pair_dominated,Loot,3942
0xff9c1b15b16263c61d017ee9f65c50e4ae0113d7:6465,1,2,1.7591,1.7591,1,0xbb611f7d7575e5799f44a18410dc9acaa700a617,0xed6ebc3489f13e35a25234810c70944ab4681d42,1,100,,,single_pair_dominated,Loot,6465
0x4e1f41613c9084fdb9e34e11fae9412427480e56:3429,1,0,0.379,0.379,1,0x0460eeef28ff368b44a7a139d0af9424dd5868b6,0xbcb8aafb0d34562b7028c9b7f35d21d6c3c194e4,1,100,,,single_pair_dominated,Terraforms,3429
0x4e1f41613c9084fdb9e34e11fae9412427480e56:1274,1,1,1,1,1,0xbf8090eab036022b7e0c77d9e34793f1b756d94b,0xd59bf1f0d587f5ce1bde60f072fbe4fda184b321,1,100,,,single_pair_dominated,Terraforms,1274
0xff9c1b15b16263c61d017ee9f65c50e4ae0113d7:3294,1,2,2.1,2.1,1,0x03ca7ad647f73ee6b96101e15f9b28cf977a176a,0xbfa43bf6e9fb6d5cc253ff23c31f2b86a739bb98,1,100,,,single_pair_dominated,Loot,3294
0x7bd29408f11d2bfc23c34f18275bbf23bb716bc7:3856,1,4,3.65,3.65,1,0x97b5d56d02c0b97b02346d2eb61a1747b63a72d9,0xbfc4fbbec37c291aed1d14f02b5221d0be0fe8f1,1,100,,,single_pair_dominated,Meebits,3856
0xff9c1b15b16263c61d017ee9f65c50e4ae0113d7:7695,1,30,29.69,29.69,1,0x482ca786becd868e6a690653a74d440dbeac57be,0xc03dfdcc9243caa8646b75d065f10d2d2b7c219c,1,100,,,single_pair_dominated,Loot,7695
0xff9c1b15b16263c61d017ee9f65c50e4ae0113d7:3293,1,20,20,20,1,0xc2f436429a1e34a6147de80de373db36547dd78a,0xedaba4d77be97fce61e1f804bd1fc7b1f4f1f37c,1,100,,,single_pair_dominated,Loot,3293
0x4e1f41613c9084fdb9e34e11fae9412427480e56:6777,1,1,0.6,0.6,1,0x37e17dca626f48c4a10bcd4345a994a63c48c226,0xc3150c77428542bb64a7a2199c33b1bdbf56b386,1,100,,,single_pair_dominated,Terraforms,6777
0x7bd29408f11d2bfc23c34f18275bbf23bb716bc7:3290,1,4,3.56,3.56,1,0x1fafef2c8d8cf8e9a2e6ec8558c280b7b5812678,0xc512b25539631d73b982bcf265564f0ffb3da42c,1,100,,,single_pair_dominated,Meebits,3290
0x7bd29408f11d2bfc23c34f18275bbf23bb716bc7:18462,1,3,3.42,3.42,1,0x97b5d56d02c0b97b02346d2eb61a1747b63a72d9,0xc512b25539631d73b982bcf265564f0ffb3da42c,1,100,,,single_pair_dominated,Meebits,18462
0x7bd29408f11d2bfc23c34f18275bbf23bb716bc7:3699,1,30,30,30,1,0x3e8c1228b0ce0357e40274f4c555e8da3a4ddc96,0xc5b4918121289b28c95e13376e9320baf5c8edb9,1,100,,,single_pair_dominated,Meebits,3699
0x4e1f41613c9084fdb9e34e11fae9412427480e56:7574,1,0,0.35,0.35,1,0xc717a33938bbd7ebf4a6bd009339e32c9dcb57e8,0xff1c0a4369ab4b1a504516ae245de73914c3ff12,1,100,,,single_pair_dominated,Terraforms,7574
0x4e1f41613c9084fdb9e34e11fae9412427480e56:8654,1,0,0.26,0.26,1,0xbdeac4d0e989ddfe678b3cb6bb38c174c2ff7f0a,0xca3e2c29fe71b74b4c68ec2c342b68318b6a34f2,1,100,,,single_pair_dominated,Terraforms,8654
0x7bd29408f11d2bfc23c34f18275bbf23bb716bc7:2259,1,3,3.3,3.3,1,0x2bb68c26e75b01d2cbb9b1d71432fc53c4c80350,0xcbc7d0ff51d37b60ba741bf566496bba53b5eea2,1,100,,,single_pair_dominated,Meebits,2259
0x7bd29408f11d2bfc23c34f18275bbf23bb716bc7:12273,1,4,3.61011,3.61011,1,0x2bb68c26e75b01d2cbb9b1d71432fc53c4c80350,0xcdc2d2c656b54e160bbf5572f5a781171249982c,1,100,,,single_pair_dominated,Meebits,12273
0x4e1f41613c9084fdb9e34e11fae9412427480e56:3739,1,15,15,15,1,0x53489d5a214e9be12772643c7124997c3d0c4050,0xcdc51b629c3d947ea248221d7cb0519d4bb3d8aa,1,100,,,single_pair_dominated,Terraforms,3739
0x4e1f41613c9084fdb9e34e11fae9412427480e56:3796,1,15,15,15,1,0x53489d5a214e9be12772643c7124997c3d0c4050,0xcdc51b629c3d947ea248221d7cb0519d4bb3d8aa,1,100,,,single_pair_dominated,Terraforms,3796
0x4e1f41613c9084fdb9e34e11fae9412427480e56:8030,1,0,0.34,0.34,1,0x435a4ccc3712b0b40ce16a1c7bfa263ed6e9bb33,0xce266203cc90f26b346a9f359fea7ced2f4e62dd,1,100,,,single_pair_dominated,Terraforms,8030
0x4e1f41613c9084fdb9e34e11fae9412427480e56:567,1,0,0.22,0.22,1,0xce266203cc90f26b346a9f359fea7ced2f4e62dd,0xeafb155ed379185d990e8c23866ff428daef9d3f,1,100,,,single_pair_dominated,Terraforms,567
0x7bd29408f11d2bfc23c34f18275bbf23bb716bc7:9642,1,4,4.2,4.2,1,0x91a8cb88260f2ffa6c3e96ba215bf0e277e1f1bd,0xceb78abfad166c11e350156fd671b385265a6c87,1,100,,,single_pair_dominated,Meebits,9642
0x7bd29408f11d2bfc23c34f18275bbf23bb716bc7:7141,1,3,2.52,2.52,1,0xcee749f1cfc66cd3fb57cefde8a9c5999fbe7b8f,0xe852c2189316ec5eee9f36272962ade430f38531,1,100,,,single_pair_dominated,Meebits,7141
0x7bd29408f11d2bfc23c34f18275bbf23bb716bc7:13136,1,7,6.969,6.969,1,0xacbb228856f194aa5f7001525211c22f097c75cc,0xcf3ca47d9fbc44016bd63514b4e310f208825318,1,100,,,single_pair_dominated,Meebits,13136
0x7bd29408f11d2bfc23c34f18275bbf23bb716bc7:1237,1,10,10,10,1,0xc5048150639afd8abd1fa8fec344b243dc7eefcd,0xcf6f5a68d94165081a634ada997be3a93426c467,1,100,,,single_pair_dominated,Meebits,1237
0x4e1f41613c9084fdb9e34e11fae9412427480e56:6059,1,1,0.57,0.57,1,0x8ab1c06380ab3196ff9dc44b18c062b3dd145205,0xcfb098c1d44eb12f93f9aaece5d6054e2a2240ab,1,100,,,single_pair_dominated,Terraforms,6059
0x4e1f41613c9084fdb9e34e11fae9412427480e56:3474,1,0,0.47,0.47,1,0x98179b2658427fb8244ba6ee7652e45531258b9f,0xcfb098c1d44eb12f93f9aaece5d6054e2a2240ab,1,100,,,single_pair_dominated,Terraforms,3474
0xff9c1b15b16263c61d017ee9f65c50e4ae0113d7:7141,1,97,97,97,1,0x42dd6252b9be3dad03220e8f730c300564d741a8,0xd05b0898c8ac25f48fd5655e3b30040300d32e57,1,100,,,single_pair_dominated,Loot,7141
0x7bd29408f11d2bfc23c34f18275bbf23bb716bc7:7780,1,4,3.6101,3.6101,1,0x2bb68c26e75b01d2cbb9b1d71432fc53c4c80350,0xd223308088e745bf0912ed01e4f17e5bb8b01655,1,100,,,single_pair_dominated,Meebits,7780
0x4e1f41613c9084fdb9e34e11fae9412427480e56:7781,1,0,0.46,0.46,1,0xd3a1ab87c8ab81cb093ef5430a387d127ac523a0,0xe809c867738d56b0c83f85b960450652817e6975,1,100,,,single_pair_dominated,Terraforms,7781
0xff9c1b15b16263c61d017ee9f65c50e4ae0113d7:7537,1,4,4,4,1,0xd3e2e76e4ab0322614fe7aaa3be0b04bed83d0d0,0xd44e9b676e74ae45c0a39150be771eb189bb2337,1,100,,,single_pair_dominated,Loot,7537
0x7bd29408f11d2bfc23c34f18275bbf23bb716bc7:15118,1,10,10,10,1,0xd3e2e76e4ab0322614fe7aaa3be0b04bed83d0d0,0xd44e9b676e74ae45c0a39150be771eb189bb2337,1,100,,,single_pair_dominated,Meebits,15118
0x7bd29408f11d2bfc23c34f18275bbf23bb716bc7:7337,1,11,11,11,1,0xd3e2e76e4ab0322614fe7aaa3be0b04bed83d0d0,0xd44e9b676e74ae45c0a39150be771eb189bb2337,1,100,,,single_pair_dominated,Meebits,7337
0x7bd29408f11d2bfc23c34f18275bbf23bb716bc7:12457,1,20,20,20,1,0xd3e2e76e4ab0322614fe7aaa3be0b04bed83d0d0,0xd44e9b676e74ae45c0a39150be771eb189bb2337,1,100,,,single_pair_dominated,Meebits,12457
0x7bd29408f11d2bfc23c34f18275bbf23bb716bc7:9315,1,10,9.5,9.5,1,0xd3e2e76e4ab0322614fe7aaa3be0b04bed83d0d0,0xd44e9b676e74ae45c0a39150be771eb189bb2337,1,100,,,single_pair_dominated,Meebits,9315
0x7bd29408f11d2bfc23c34f18275bbf23bb716bc7:17356,1,20,20,20,1,0xd3e2e76e4ab0322614fe7aaa3be0b04bed83d0d0,0xd44e9b676e74ae45c0a39150be771eb189bb2337,1,100,,,single_pair_dominated,Meebits,17356
0x4e1f41613c9084fdb9e34e11fae9412427480e56:5879,1,1,0.5,0.5,1,0xc719baba49c37d39e8cd308256dba4e7020a34cd,0xd591ba8be98a12000eb854279bf923e40c20dc6e,1,100,,,single_pair_dominated,Terraforms,5879
0x7bd29408f11d2bfc23c34f18275bbf23bb716bc7:13474,1,4,3.651,3.651,1,0x2bb68c26e75b01d2cbb9b1d71432fc53c4c80350,0xd5b54ca74d254e9cd3a474492e362db1d746443b,1,100,,,single_pair_dominated,Meebits,13474
0x7bd29408f11d2bfc23c34f18275bbf23bb716bc7:3942,1,4,3.9,3.9,1,0x97b5d56d02c0b97b02346d2eb61a1747b63a72d9,0xd5b54ca74d254e9cd3a474492e362db1d746443b,1,100,,,single_pair_dominated,Meebits,3942
0x4e1f41613c9084fdb9e34e11fae9412427480e56:6183,1,0,0.44,0.44,1,0x228f9fd74f35080771a9e858f9575451d3ccf7ed,0xd62deb9161d8deb2b35095bb59964eb9adc0575e,1,100,,,single_pair_dominated,Terraforms,6183
0x7bd29408f11d2bfc23c34f18275bbf23bb716bc7:16152,1,3,3.1,3.1,1,0x97b5d56d02c0b97b02346d2eb61a1747b63a72d9,0xd996fdd0364b5368b65bee47c7beda965b81e09c,1,100,,,single_pair_dominated,Meebits,16152
0x4e1f41613c9084fdb9e34e11fae9412427480e56:7747,1,30,30,30,1,0x77d7cf9af4ad56c5c33088ea78a5287fc95c37a9,0xda6ad74619e62503c4cbefbe02ae05c8f4314591,1,100,,,single_pair_dominated,Terraforms,7747
0xff9c1b15b16263c61d017ee9f65c50e4ae0113d7:6205,1,2,1.97,1.97,1,0x67941779e59cefdbc61af9cb047d44c173301795,0xdaa8a78089ef0098a14af2148a8768cf7d104640,1,100,,,single_pair_dominated,Loot,6205
0x7bd29408f11d2bfc23c34f18275bbf23bb716bc7:7153,1,4,3.65,3.65,1,0x97b5d56d02c0b97b02346d2eb61a1747b63a72d9,0xdc463f26272d2fe8758d8072ba498b16a30aaac2,1,100,,,single_pair_dominated,Meebits,7153
0xff9c1b15b16263c61d017ee9f65c50e4ae0113d7:5440,1,2,1.79069,1.79069,1,0x67941779e59cefdbc61af9cb047d44c173301795,0xde7d6b259eb7d8b3bf620b391a41959268a2e6aa,1,100,,,single_pair_dominated,Loot,5440
0x7bd29408f11d2bfc23c34f18275bbf23bb716bc7:363,1,7,6.9,6.9,1,0x9b086c9f9d524e43ac517b691179b78bad1b2b5b,0xdfc2e4946d3d556d4c3e10df728172b12b9762fd,1,100,,,single_pair_dominated,Meebits,363
0x4e1f41613c9084fdb9e34e11fae9412427480e56:6699,1,1,1,1,1,0x6db64627a5633711e13964b9a259e7d7c617e69f,0xe0982e0d39eee312017c58dba76c99ca59b8a958,1,100,,,single_pair_dominated,Terraforms,6699
0x7bd29408f11d2bfc23c34f18275bbf23bb716bc7:3739,1,100,100,100,1,0x7f08d733a2c4e65e88975aef8f80fa694ef339c1,0xe0c941ee5941066c4a46fd38da27c771524ce584,1,100,,,single_pair_dominated,Meebits,3739
0x7bd29408f11d2bfc23c34f18275bbf23bb716bc7:3249,1,4,3.87,3.87,1,0x37a83a2465c38f7b92be9ef737bdece3f426005e,0xe0ee2a7f53b296055d9d1d011a5e0368ecd3ce27,1,100,,,single_pair_dominated,Meebits,3249
0x7bd29408f11d2bfc23c34f18275bbf23bb716bc7:159,1,4,3.82,3.82,1,0x26c01ab4efffcf017fe0392fbdf080dcb8252d80,0xe18a94a1e60903b1ec39d9104bed27d9a73ad9e2,1,100,medium,mesh_cluster,single_pair_dominated,Meebits,159
0xff9c1b15b16263c61d017ee9f65c50e4ae0113d7:1087,1,4,4,4,1,0x684f3268fde2839d3a36a940f0d3e7e458230e40,0xe1a24535d1dd36c2b1508e11138960c3950ab161,1,100,,,single_pair_dominated,Loot,1087
0xff9c1b15b16263c61d017ee9f65c50e4ae0113d7:1604,1,2,1.702,1.702,1,0x9b667c9840137e721f75f715f235c981662f7c71,0xe2e23c12e3f15471c4e5f4c4e1b87cf6672e5ca5,1,100,,,single_pair_dominated,Loot,1604
0xff9c1b15b16263c61d017ee9f65c50e4ae0113d7:2473,1,2,1.71,1.71,1,0xe2e23c12e3f15471c4e5f4c4e1b87cf6672e5ca5,0xed6ebc3489f13e35a25234810c70944ab4681d42,1,100,,,single_pair_dominated,Loot,2473
0xff9c1b15b16263c61d017ee9f65c50e4ae0113d7:174,1,1450,1450,1450,1,0xa357f162fe9c383edeee81fbc905c4bc7fca166f,0xe7e8b3777884b5b088453d0093f844ddff9cfd8d,1,100,medium,concentrated_pair,single_pair_dominated,Loot,174
0x4e1f41613c9084fdb9e34e11fae9412427480e56:4105,1,2,1.9,1.9,1,0x592ff6c9179e86b6d95b93d17cc0ad47e6985553,0xe809968423551135675f38ca77d9595c5d225918,1,100,,,single_pair_dominated,Terraforms,4105
0xff9c1b15b16263c61d017ee9f65c50e4ae0113d7:5043,1,2,2.29,2.29,1,0x5a0f2c1d8e563db79ee40f979f6bcd0d27f86f80,0xe8db5d66bb9aee8dd55702c9704b803d5e388eef,1,100,,,single_pair_dominated,Loot,5043
0xff9c1b15b16263c61d017ee9f65c50e4ae0113d7:5976,1,2,2.29,2.29,1,0xb8688028c54efe7d6e27405616526b23c7ae6948,0xe8db5d66bb9aee8dd55702c9704b803d5e388eef,1,100,,,single_pair_dominated,Loot,5976
0x7bd29408f11d2bfc23c34f18275bbf23bb716bc7:14810,1,5,4.9,4.9,1,0x9a33124dd1a12903736f225ba97cb5fe4615bb7d,0xe99b70874dd7785e7d88b0a629afe80ac1e19634,1,100,,,single_pair_dominated,Meebits,14810
0x4e1f41613c9084fdb9e34e11fae9412427480e56:6943,1,0,0.3,0.3,1,0x0562144f613db89939e2b2ffa42412fe3e526307,0xebe1f3473e3a5e38a7da342db2b1c94a1a1b0321,1,100,,,single_pair_dominated,Terraforms,6943
0x7bd29408f11d2bfc23c34f18275bbf23bb716bc7:1201,1,3,3.1,3.1,1,0x97b5d56d02c0b97b02346d2eb61a1747b63a72d9,0xed1ac96b2d3854238591ae3524ab6b33710a2032,1,100,,,single_pair_dominated,Meebits,1201
0x7bd29408f11d2bfc23c34f18275bbf23bb716bc7:12986,1,6,5.5,5.5,1,0x2306e15d60f6c319fe04b183d2962dcb1f457891,0xef3d9ddf59f3622a04753c61e6c4d596e7fc610d,1,100,,,single_pair_dominated,Meebits,12986
0x7bd29408f11d2bfc23c34f18275bbf23bb716bc7:10004,1,19,18.5,18.5,1,0xef3d9ddf59f3622a04753c61e6c4d596e7fc610d,0xf0d8e4033ecac09ab865f68d8733158d94e3c4c6,1,100,,,single_pair_dominated,Meebits,10004
0x4e1f41613c9084fdb9e34e11fae9412427480e56:2683,1,3,3,3,1,0x6009303f26c0101022cb68d6cb95d46a8f6100a3,0xef97c92c47a76756cf8f33fb8b227cd8ebd7638d,1,100,,,single_pair_dominated,Terraforms,2683
0x4e1f41613c9084fdb9e34e11fae9412427480e56:3446,1,0,0.305,0.305,1,0xbf8090eab036022b7e0c77d9e34793f1b756d94b,0xefea2b9fdc21186382b4266c7bcbd7a4cbbda563,1,100,,,single_pair_dominated,Terraforms,3446
0x7bd29408f11d2bfc23c34f18275bbf23bb716bc7:11118,1,4,4.185,4.185,1,0x1648e8830a2930a54a35ffb7969c3de21ef2fd10,0xf0b449ac2f2f66a2c6cd8fcfc27fd6b06159107e,1,100,,,single_pair_dominated,Meebits,11118
0x7bd29408f11d2bfc23c34f18275bbf23bb716bc7:8577,1,4,4.085,4.085,1,0xaa70bd7cb55c8308ef8b4dfd6716d78701945c65,0xf0b449ac2f2f66a2c6cd8fcfc27fd6b06159107e,1,100,,,single_pair_dominated,Meebits,8577
0x4e1f41613c9084fdb9e34e11fae9412427480e56:7529,1,0,0.38,0.38,1,0x44f6827aa307f4d7faeb64be47543647b3a871db,0xf1fae5df37cef47f9ac44dfb69472247739cdc83,1,100,,,single_pair_dominated,Terraforms,7529
0x4e1f41613c9084fdb9e34e11fae9412427480e56:1908,1,0,0.31,0.31,1,0xd58518b059895d0628f065f42d2d90d37f347f1a,0xf31f7a4d431cd7183b64aeea97365f07f3b2094b,1,100,,,single_pair_dominated,Terraforms,1908
0x4e1f41613c9084fdb9e34e11fae9412427480e56:7985,1,0,0.3469,0.3469,1,0x00d4c228fd3536a67145a78d6d69d6020c0b9a6f,0xf49f263806a1defa546f6d388615bbc487e53ab1,1,100,,,single_pair_dominated,Terraforms,7985
0x4e1f41613c9084fdb9e34e11fae9412427480e56:7464,1,0,0.365,0.365,1,0x07dbc9423bc7e4315fe6224996a1d6a93931cd55,0xf49f263806a1defa546f6d388615bbc487e53ab1,1,100,,,single_pair_dominated,Terraforms,7464
0x4e1f41613c9084fdb9e34e11fae9412427480e56:3146,1,0,0.398,0.398,1,0xb911218a1bab2a470d6c14266d9ac41fc57b7bf2,0xf49f263806a1defa546f6d388615bbc487e53ab1,1,100,,,single_pair_dominated,Terraforms,3146
0x7bd29408f11d2bfc23c34f18275bbf23bb716bc7:2850,1,62,62,62,1,0xf4e73a57b28215cac83494a0e98418960c889ef7,0xf542443cd8f4b18578aa7f2b647676a9c41914b3,1,100,,,single_pair_dominated,Meebits,2850
0xff9c1b15b16263c61d017ee9f65c50e4ae0113d7:5355,1,3,2.5,2.5,1,0xead7dd1b34e284de9a864bbe2f4db63bfa7a7d0e,0xf57d5eee82af5ecfd29d03b1ae24d611a1ae3193,1,100,,,single_pair_dominated,Loot,5355
0x7bd29408f11d2bfc23c34f18275bbf23bb716bc7:15722,1,4,4.3,4.3,1,0xa158ffb97cc5b65c7c762b31d3e8111688ee6940,0xf6bc89cc57e33c4e8053c4d8e63b70bf8c47e1a1,1,100,,,single_pair_dominated,Meebits,15722
0x7bd29408f11d2bfc23c34f18275bbf23bb716bc7:4298,1,4,4.3,4.3,1,0xac000d8081428f2caded1826b463d2ddc848c1e8,0xf6bc89cc57e33c4e8053c4d8e63b70bf8c47e1a1,1,100,,,single_pair_dominated,Meebits,4298
0xff9c1b15b16263c61d017ee9f65c50e4ae0113d7:3204,1,2,2.3,2.3,1,0xd44b31c06d1389abf57d7781b2f124db92ecfece,0xfa702e468e0fa0945dbd78062e5388e98b099d94,1,100,,,single_pair_dominated,Loot,3204
0x4e1f41613c9084fdb9e34e11fae9412427480e56:6418,1,0,0.36,0.36,1,0x5d931c7560122b2e657d189ccc20cbac6fc80ff8,0xfb494ccd5f9440b28ed663525b3151cebaf4e8e5,1,100,,,single_pair_dominated,Terraforms,6418
0xff9c1b15b16263c61d017ee9f65c50e4ae0113d7:3149,1,93,93,93,1,0x42dd6252b9be3dad03220e8f730c300564d741a8,0xfcb429380ec40ffa05ed3e6bbb383e62d93ce3c0,1,100,,,single_pair_dominated,Loot,3149
0x4e1f41613c9084fdb9e34e11fae9412427480e56:3950,1,35,34.95,34.95,1,0x000b75fcdc15d41277deb033c72d2c8d774ccced,0xef9415b9420fe3f698a3ba54af95b098f4c22cf2,1,100,,,single_pair_dominated,Terraforms,3950
0x4e1f41613c9084fdb9e34e11fae9412427480e56:4930,1,35,34.5,34.5,1,0x000b75fcdc15d41277deb033c72d2c8d774ccced,0xef9415b9420fe3f698a3ba54af95b098f4c22cf2,1,100,,,single_pair_dominated,Terraforms,4930
0x4e1f41613c9084fdb9e34e11fae9412427480e56:5629,1,1,0.5,0.5,1,0x00542c33e50f6d92f2d7661e4318f89e4191f5e3,0x2ec3872fa8d7c6d019e634ab7addde2befd367ce,1,100,,,single_pair_dominated,Terraforms,5629
